1,3.49642,3.34181,3.0954,2.83092,2.63924,2.37355
2,3.49523,3.34223,3.0962,2.83267,2.64104,2.37604
3,3.49365,3.34355,3.09622,2.83256,2.64121,2.37825
4,3.49299,3.34499,3.09584,2.83308,2.64025,2.37812
5,3.49145,3.34614,3.09601,2.83119,2.64166,2.3783
6,3.4907,3.3469,3.09759,2.83273,2.64355,2.38137
7,3.48833,3.34653,3.10044,2.83679,2.64694,2.38657
8,3.48588,3.3448,3.10364,2.84016,2.65118,2.39092
9,3.48252,3.34386,3.10694,2.84144,2.65559,2.39382
10,3.4807,3.34466,3.10933,2.84395,2.65918,2.39858
11,3.47871,3.34676,3.11094,2.84601,2.6617,2.40312
12,3.47827,3.34899,3.11203,2.84735,2.66263,2.40514
13,3.47656,3.34958,3.11267,2.84595,2.66484,2.40691
14,3.47502,3.35095,3.11547,2.84903,2.66853,2.41161
15,3.47286,3.35161,3.11943,2.85315,2.67363,2.4185
16,3.47069,3.34955,3.12418,2.85942,2.67996,2.42541
17,3.46822,3.34939,3.12849,2.86102,2.68566,2.43026
18,3.46698,3.34934,3.13202,2.86511,2.69097,2.43669
19,3.46624,3.35221,3.13465,2.8675,2.69519,2.44362
20,3.46618,3.35556,3.13724,2.86989,2.69809,2.44763
21,3.46519,3.35586,3.13847,2.87051,2.70147,2.45152
22,3.46422,3.3575,3.14224,2.87318,2.70678,2.45792
23,3.46248,3.35733,3.14703,2.87907,2.71396,2.46723
24,3.46063,3.35683,3.15301,2.88689,2.72218,2.47631
25,3.45913,3.35566,3.15843,2.89023,2.72933,2.48282
26,3.45821,3.35696,3.16312,2.8949,2.73675,2.49193
27,3.45815,3.35927,3.16645,2.8992,2.74302,2.501
28,3.45892,3.363,3.17054,2.90263,2.7486,2.50845
29,3.45827,3.36434,3.1725,2.90423,2.75424,2.51519
30,3.45809,3.36583,3.17715,2.90842,2.76296,2.5244
31,3.45646,3.36596,3.18301,2.91651,2.77303,2.5365
32,3.45593,3.36607,3.19035,2.92671,2.78499,2.54939
33,3.45472,3.36524,3.19714,2.9321,2.79518,2.55947
34,3.45439,3.36654,3.20284,2.93841,2.80499,2.57102
35,3.45374,3.36817,3.20554,2.94269,2.81264,2.58376
36,3.45493,3.37178,3.20936,2.94751,2.82006,2.59383
37,3.45437,3.3733,3.2115,2.95163,2.82746,2.60436
38,3.45473,3.37493,3.21647,2.95782,2.83722,2.61428
39,3.45331,3.37502,3.22257,2.96664,2.8478,2.62859
40,3.45336,3.3756,3.23091,2.9782,2.86004,2.64323
41,3.45277,3.37492,3.23893,2.98572,2.87159,2.65625
42,3.45279,3.37657,3.24445,2.9947,2.88415,2.67038
43,3.45192,3.37761,3.24614,3.0009,2.89283,2.6839
44,3.45293,3.38114,3.24917,3.00688,2.9009,2.69557
45,3.45224,3.38255,3.2505,3.01252,2.90818,2.7077
46,3.45302,3.38433,3.25475,3.02179,2.918,2.72018
47,3.45139,3.38384,3.25895,3.02883,2.92787,2.73397
48,3.45084,3.38386,3.26486,3.03987,2.94006,2.74839
49,3.44951,3.38255,3.26982,3.04843,2.95205,2.76235
50,3.44943,3.38372,3.27279,3.05842,2.96513,2.77798
51,3.4471,3.38355,3.27044,3.06379,2.97398,2.79113
52,3.44732,3.38583,3.26879,3.07006,2.98212,2.80322
53,3.44523,3.38574,3.26549,3.07535,2.98902,2.81564
54,3.44513,3.38708,3.26657,3.08592,2.99849,2.82898
55,3.44228,3.38529,3.26701,3.09292,3.00708,2.84158
56,3.44078,3.38404,3.26868,3.10314,3.01833,2.85549
57,3.43638,3.38,3.26751,3.10997,3.02808,2.86861
58,3.43425,3.37865,3.26554,3.11784,3.03924,2.88191
59,3.42786,3.37464,3.25734,3.12014,3.04358,2.89338
60,3.42404,3.37218,3.25042,3.12373,3.0478,2.90142
61,3.41797,3.36692,3.24141,3.12477,3.05,2.90851
62,3.41495,3.3645,3.23847,3.13178,3.05643,2.91911
63,3.40781,3.35907,3.23363,3.13576,3.06209,2.92825
64,3.40305,3.35444,3.23225,3.14246,3.06922,2.93906
65,3.39337,3.34435,3.22436,3.14154,3.07086,2.9462
66,3.38339,3.33529,3.21674,3.13848,3.07032,2.95215
67,3.36718,3.3197,3.20093,3.12284,3.05722,2.94977
68,3.35232,3.30624,3.18774,3.10814,3.04254,2.94375
69,3.33512,3.28952,3.17145,3.0888,3.02375,2.93232
70,3.32099,3.27587,3.1607,3.07581,3.01119,2.92716
71,3.30267,3.25896,3.14524,3.06257,2.99532,2.9141
72,3.28764,3.24283,3.13512,3.05299,2.98279,2.90126
73,3.26122,3.21803,3.11178,3.03213,2.9621,2.88038
74,3.2345,3.19152,3.08868,3.01149,2.94177,2.85595
75,3.19934,3.15851,3.05801,2.98194,2.91485,2.83342
76,3.16742,3.12648,3.03093,2.95866,2.89018,2.81028
77,3.1276,3.08905,2.99743,2.9282,2.86249,2.78582
78,3.09417,3.05681,2.9716,2.9029,2.83861,2.76691
79,3.05413,3.0171,2.93137,2.86718,2.80688,2.73834
80,3.01307,2.97865,2.89978,2.83851,2.77854,2.71238
81,2.95536,2.92161,2.8485,2.78703,2.73386,2.67079
82,2.90736,2.87629,2.80436,2.75282,2.69464,2.63882
83,2.83579,2.80555,2.74016,2.68555,2.64356,2.59165
84,2.78829,2.76157,2.7008,2.65583,2.60377,2.55302
85,2.71802,2.69178,2.6365,2.5908,2.55245,2.51432
86,2.65544,2.63284,2.58402,2.54328,2.50404,2.4587
87,2.58096,2.55975,2.51575,2.47909,2.44307,2.41165
88,2.4816,2.46205,2.42029,2.38604,2.35788,2.3274
89,2.41563,2.39817,2.36257,2.3313,2.30865,2.28009
90,2.30201,2.28703,2.25388,2.23049,2.21044,2.19382
91,2.23356,2.22336,2.19767,2.17639,2.16279,2.14318
92,2.12952,2.12066,2.10223,2.08942,2.08204,2.07568
93,2.04337,2.03722,2.02506,2.02004,2.0123,2.00691
94,1.93787,1.93436,1.9273,1.92394,1.92987,1.93483
95,1.81901,1.81808,1.8147,1.81575,1.82119,1.82732
96,1.69584,1.69775,1.70263,1.71159,1.72609,1.73539
97,1.55672,1.56139,1.56893,1.58227,1.59872,1.61722
98,1.44948,1.4572,1.47012,1.48589,1.5088,1.53232
99,1.31079,1.32135,1.34187,1.36762,1.39627,1.42528
100,1.20556,1.21863,1.24353,1.27184,1.30728,1.34246
101,1.0616,1.07749,1.10915,1.14494,1.18369,1.22295
102,0.916869,0.935071,0.970427,1.00836,1.05309,1.09768
103,0.73283,0.753506,0.794358,0.838729,0.886562,0.934753
104,0.535759,0.558681,0.602948,0.650514,0.703659,0.757295
105,0.311137,0.336213,0.385421,0.438136,0.494275,0.55115
106,0.0664419,0.0935747,0.146417,0.202365,0.264141,0.326586
107,-0.208436,-0.17939,-0.122041,-0.0620179,0.00186083,0.0668915
108,-0.519568,-0.488718,-0.428173,-0.366069,-0.298563,-0.229574
109,-0.870325,-0.837747,-0.773313,-0.708612,-0.642714,-0.573925
110,-1.26646,-1.23223,-1.1652,-1.09967,-1.03469,-0.966599
111,-1.7183,-1.6828,-1.61283,-1.54744,-1.48915,-1.42635
112,-2.24955,-2.21288,-2.14091,-2.07683,-2.02301,-1.9644
113,-2.85961,-2.82184,-2.7472,-2.68338,-2.63677,-2.58452
114,-3.61142,-3.5724,-3.49594,-3.43159,-3.38869,-3.34025
115,-4.49848,-4.45787,-4.37825,-4.31099,-4.27087,-4.22489
116,-5.50094,-5.45816,-5.37502,-5.30335,-5.25949,-5.21063
117,-6.54707,-6.50177,-6.41354,-6.33563,-6.2859,-6.23171
118,-7.60104,-7.55312,-7.46011,-7.37645,-7.31738,-7.25463
119,-8.6153,-8.56483,-8.46636,-8.37658,-8.30959,-8.23926
120,-9.60271,-9.54993,-9.44701,-9.3527,-9.27734,-9.19915
121,-10.584,-10.5293,-10.4221,-10.3241,-10.2434,-10.16
122,-11.6096,-11.5534,-11.4432,-11.3426,-11.2559,-11.1671
123,-12.6837,-12.626,-12.5125,-12.4085,-12.3168,-12.2236
124,-13.7603,-13.7008,-13.5844,-13.4764,-13.3777,-13.2783
125,-14.7469,-14.6857,-14.5653,-14.4525,-14.348,-14.243
126,-15.584,-15.5211,-15.3971,-15.2809,-15.171,-15.0606
127,-16.2564,-16.1921,-16.0648,-15.9459,-15.8339,-15.7207
128,-16.8053,-16.7402,-16.6108,-16.4913,-16.3797,-16.266
129,-17.3023,-17.237,-17.1064,-16.9878,-16.8821,-16.7723
130,-17.8066,-17.7416,-17.611,-17.4944,-17.3949,-17.2891
131,-18.3219,-18.2572,-18.1268,-18.0118,-17.9181,-17.8165
132,-18.7946,-18.7296,-18.5993,-18.4838,-18.3899,-18.2879
133,-19.1423,-19.077,-18.9465,-18.8299,-18.7356,-18.6334
134,-19.3841,-19.3191,-19.1898,-19.0747,-18.981,-18.8796
135,-19.5479,-19.4837,-19.3558,-19.243,-19.151,-19.0513
136,-19.6563,-19.5931,-19.4675,-19.3574,-19.2653,-19.166
137,-19.7235,-19.6616,-19.5381,-19.4289,-19.3354,-19.2357
138,-19.7499,-19.689,-19.568,-19.4582,-19.3598,-19.2569
139,-19.6978,-19.6376,-19.5182,-19.4048,-19.2991,-19.1913
140,-19.5226,-19.4626,-19.3448,-19.2268,-19.1121,-18.9976
141,-19.1971,-19.1373,-19.0203,-18.8972,-18.7743,-18.6539
142,-18.7174,-18.6578,-18.5418,-18.4146,-18.2841,-18.1581
143,-18.1119,-18.0526,-17.9372,-17.8067,-17.6713,-17.5417
144,-17.3902,-17.3314,-17.2165,-17.084,-16.9448,-16.8123
145,-16.5797,-16.5215,-16.4073,-16.2738,-16.1344,-16.0017
146,-15.7935,-15.7362,-15.6234,-15.4903,-15.3528,-15.221
147,-15.1012,-15.0444,-14.9331,-14.8005,-14.6648,-14.5345
148,-14.5053,-14.449,-14.3393,-14.2081,-14.074,-13.9455
149,-13.976,-13.9203,-13.8115,-13.6842,-13.5544,-13.4301
150,-13.4797,-13.4247,-13.3167,-13.1946,-13.0688,-12.9481
151,-12.9692,-12.9147,-12.8067,-12.6893,-12.5671,-12.4499
152,-12.4098,-12.3553,-12.2468,-12.1317,-12.0098,-11.8931
153,-11.7698,-11.7149,-11.6053,-11.4907,-11.3687,-11.2523
154,-11.0799,-11.0247,-10.9141,-10.8007,-10.6792,-10.5631
155,-10.3845,-10.3286,-10.2164,-10.1031,-9.98197,-9.86634
156,-9.6725,-9.6158,-9.50172,-9.38833,-9.26627,-9.14975
157,-8.90359,-8.84601,-8.72975,-8.61562,-8.49225,-8.37472
158,-8.08487,-8.02641,-7.90833,-7.79395,-7.67019,-7.55217
159,-7.29253,-7.2331,-7.11305,-6.99792,-6.87501,-6.75741
160,-6.59904,-6.53902,-6.41811,-6.30316,-6.18247,-6.06635
161,-6.11937,-6.05957,-5.93948,-5.82637,-5.7124,-5.60137
162,-6.0144,-5.95539,-5.83767,-5.7277,-5.62251,-5.51807
163,-6.32342,-6.26486,-6.14853,-6.04054,-5.94289,-5.84371
164,-6.94579,-6.88669,-6.76981,-6.66127,-6.56552,-6.46733
165,-7.71789,-7.65739,-7.5378,-7.42636,-7.32908,-7.22901
166,-8.55165,-8.48943,-8.36669,-8.25121,-8.14951,-8.04538
167,-9.36983,-9.30572,-9.17903,-9.0591,-8.95231,-8.84357
168,-10.1538,-10.0877,-9.95725,-9.83276,-9.72039,-9.60681
169,-10.9202,-10.8524,-10.7185,-10.5897,-10.4726,-10.3548
170,-11.6603,-11.5911,-11.4544,-11.3217,-11.1995,-11.0775
171,-12.3604,-12.2897,-12.15,-12.0135,-11.8861,-11.7598
172,-12.9803,-12.9083,-12.7657,-12.6252,-12.4919,-12.3607
173,-13.5657,-13.4925,-13.3472,-13.2027,-13.0638,-12.9285
174,-14.1748,-14.1007,-13.9536,-13.8057,-13.6617,-13.5228
175,-14.8197,-14.7452,-14.5971,-14.4476,-14.3012,-14.1609
176,-15.4902,-15.416,-15.2685,-15.1198,-14.9739,-14.8343
177,-16.1834,-16.1101,-15.9644,-15.8189,-15.6775,-15.5414
178,-16.8992,-16.8272,-16.6842,-16.5433,-16.4078,-16.2761
179,-17.6213,-17.5505,-17.4097,-17.2729,-17.143,-17.0151
180,-18.2755,-18.2054,-18.0658,-17.9315,-17.8039,-17.6771
181,-18.8179,-18.7486,-18.6102,-18.479,-18.3545,-18.2299
182,-19.3122,-19.244,-19.1075,-18.9809,-18.861,-18.7395
183,-19.8074,-19.7404,-19.6056,-19.4838,-19.3691,-19.251
184,-20.2569,-20.1908,-20.0576,-19.9395,-19.8281,-19.712
185,-20.5693,-20.5039,-20.3716,-20.2554,-20.1451,-20.0296
186,-20.6373,-20.5721,-20.4403,-20.3237,-20.2116,-20.0943
187,-20.4374,-20.3724,-20.2409,-20.123,-20.0083,-19.8893
188,-20.0439,-19.9793,-19.8486,-19.7291,-19.6115,-19.4908
189,-19.5727,-19.5085,-19.3786,-19.2572,-19.1372,-19.0155
190,-19.09,-19.0262,-18.8973,-18.7741,-18.6513,-18.5286
191,-18.6019,-18.5384,-18.41,-18.2852,-18.1602,-18.0364
192,-18.0096,-17.9462,-17.8182,-17.6916,-17.5636,-17.4379
193,-17.3123,-17.2491,-17.1215,-16.9932,-16.8634,-16.7368
194,-16.6015,-16.5383,-16.4114,-16.2816,-16.1505,-16.0232
195,-15.9173,-15.8543,-15.7278,-15.5969,-15.4654,-15.3381
196,-15.2539,-15.1911,-15.065,-14.934,-14.8024,-14.6751
197,-14.6103,-14.5477,-14.422,-14.2922,-14.1618,-14.0357
198,-13.9902,-13.928,-13.8027,-13.6752,-13.5467,-13.4219
199,-13.3959,-13.334,-13.2088,-13.0837,-12.9572,-12.8339
200,-12.7888,-12.7269,-12.6016,-12.4773,-12.3508,-12.2274
201,-12.1106,-12.0485,-11.9225,-11.7982,-11.6708,-11.5467
202,-11.3697,-11.3074,-11.1808,-11.0563,-10.9281,-10.8034
203,-10.6005,-10.5377,-10.4102,-10.2853,-10.1563,-10.0308
204,-9.81114,-9.74785,-9.61916,-9.49349,-9.36293,-9.23608
205,-8.99898,-8.93527,-8.80549,-8.67915,-8.54726,-8.41931
206,-8.13481,-8.07057,-7.93982,-7.81261,-7.679,-7.54968
207,-7.30118,-7.23637,-7.10444,-6.97654,-6.84239,-6.71244
208,-6.57172,-6.50649,-6.37392,-6.24553,-6.11147,-5.98142
209,-6.07273,-6.00735,-5.87456,-5.74641,-5.61428,-5.48547
210,-5.9474,-5.88194,-5.74931,-5.62137,-5.4911,-5.36351
211,-6.26419,-6.19869,-6.06607,-5.93855,-5.81051,-5.68437
212,-6.8962,-6.83042,-6.69747,-6.56949,-6.44152,-6.31534
213,-7.69385,-7.62788,-7.49452,-7.36638,-7.23904,-7.11324
214,-8.56625,-8.50005,-8.36646,-8.2381,-8.11109,-7.98545
215,-9.42649,-9.36005,-9.22591,-9.09727,-8.97066,-8.8452
216,-10.2438,-10.1771,-10.0426,-9.91354,-9.78691,-9.66132
217,-11.0389,-10.9721,-10.8373,-10.708,-10.5818,-10.4564
218,-11.8049,-11.7378,-11.6027,-11.4729,-11.3465,-11.2208
219,-12.5293,-12.462,-12.3263,-12.1962,-12.0698,-11.944
220,-13.1801,-13.1125,-12.9764,-12.8458,-12.7187,-12.5924
221,-13.7622,-13.6944,-13.5576,-13.4265,-13.2991,-13.1725
222,-14.3526,-14.2844,-14.147,-14.0153,-13.8872,-13.7598
223,-14.978,-14.9094,-14.7714,-14.6391,-14.5107,-14.383
224,-15.6453,-15.5765,-15.438,-15.3051,-15.176,-15.0477
225,-16.3497,-16.2806,-16.1416,-16.0083,-15.8789,-15.7502
226,-17.1011,-17.0319,-16.8925,-16.7587,-16.6288,-16.4996
227,-17.875,-17.8056,-17.6658,-17.5317,-17.4017,-17.2723
228,-18.5842,-18.5147,-18.3747,-18.2405,-18.1101,-17.9804
229,-19.2147,-19.1451,-19.005,-18.8706,-18.7403,-18.6107
230,-19.8595,-19.7899,-19.6498,-19.5154,-19.385,-19.2554
231,-20.4906,-20.421,-20.2809,-20.1465,-20.0164,-19.887
232,-21.0198,-20.9502,-20.8102,-20.6758,-20.5456,-20.4163
233,-21.3202,-21.2507,-21.1106,-20.9763,-20.8463,-20.7171
234,-21.2981,-21.2286,-21.0886,-20.9542,-20.8241,-20.6948
235,-20.9578,-20.8883,-20.7482,-20.6139,-20.4838,-20.3545
236,-20.4097,-20.3402,-20.2001,-20.0658,-19.9355,-19.8059
237,-19.7701,-19.7005,-19.5604,-19.4261,-19.2958,-19.1662
238,-19.1302,-19.0606,-18.9206,-18.7863,-18.6559,-18.5261
239,-18.493,-18.4236,-18.2836,-18.1495,-18.0193,-17.8896
240,-17.7716,-17.7022,-17.5626,-17.4286,-17.2985,-17.169
241,-16.9941,-16.9249,-16.7856,-16.652,-16.5224,-16.3932
242,-16.2498,-16.1809,-16.0421,-15.9089,-15.7795,-15.6506
243,-15.5487,-15.48,-15.3416,-15.2089,-15.0801,-14.9517
244,-14.8883,-14.8199,-14.6821,-14.55,-14.4216,-14.2936
245,-14.267,-14.199,-14.0618,-13.9302,-13.8024,-13.6751
246,-13.6828,-13.6151,-13.4786,-13.3477,-13.2203,-13.0935
247,-13.0949,-13.0275,-12.8915,-12.7611,-12.6344,-12.508
248,-12.4344,-12.3672,-12.2319,-12.102,-11.9756,-11.8495
249,-11.7019,-11.635,-11.5,-11.3705,-11.2444,-11.1185
250,-10.9339,-10.8672,-10.7327,-10.6036,-10.4774,-10.3516
251,-10.1341,-10.0676,-9.9333,-9.80445,-9.67807,-9.55222
252,-9.31542,-9.24913,-9.11534,-8.98685,-8.86022,-8.73429
253,-8.44804,-8.38203,-8.24865,-8.12049,-7.99372,-7.86777
254,-7.58255,-7.51672,-7.3837,-7.25567,-7.1283,-7.002
255,-6.7998,-6.73421,-6.60149,-6.4737,-6.346,-6.2195
256,-6.20019,-6.13482,-6.00252,-5.87508,-5.74695,-5.62018
257,-5.9369,-5.87155,-5.73905,-5.61112,-5.48085,-5.35258
258,-6.11974,-6.05442,-5.92188,-5.79363,-5.66129,-5.53158
259,-6.65684,-6.5917,-6.4593,-6.33088,-6.19697,-6.06621
260,-7.40607,-7.34136,-7.20984,-7.08193,-6.94787,-6.81719
261,-8.24838,-8.1843,-8.05389,-7.92679,-7.79368,-7.66392
262,-9.10799,-9.04443,-8.91515,-8.78892,-8.65734,-8.52887
263,-9.91453,-9.85149,-9.72327,-9.59782,-9.46785,-9.34072
264,-10.7019,-10.6394,-10.5124,-10.3878,-10.2592,-10.1332
265,-11.4673,-11.4052,-11.2792,-11.155,-11.0274,-10.9023
266,-12.2029,-12.1411,-12.0158,-11.8917,-11.7646,-11.6402
267,-12.8697,-12.8082,-12.6834,-12.5595,-12.4336,-12.31
268,-13.4714,-13.4098,-13.2854,-13.1603,-13.0339,-12.9101
269,-14.0679,-14.0061,-13.8813,-13.7538,-13.6255,-13.5005
270,-14.6913,-14.629,-14.5039,-14.3742,-14.244,-14.1175
271,-15.3377,-15.2752,-15.1497,-15.0189,-14.8877,-14.7605
272,-16.0034,-15.9407,-15.8149,-15.6842,-15.553,-15.4253
273,-16.6916,-16.6288,-16.5023,-16.3727,-16.2421,-16.1145
274,-17.4047,-17.3417,-17.2146,-17.0864,-16.9568,-16.8294
275,-18.0941,-18.0309,-17.9032,-17.7767,-17.6492,-17.5228
276,-18.6685,-18.6052,-18.4773,-18.3525,-18.2275,-18.1027
277,-19.1522,-19.0885,-18.9599,-18.8365,-18.7138,-18.5899
278,-19.636,-19.5719,-19.4424,-19.3207,-19.2002,-19.077
279,-20.1024,-20.0379,-19.9073,-19.7874,-19.6695,-19.5472
280,-20.4771,-20.4122,-20.2809,-20.1627,-20.0473,-19.9264
281,-20.6441,-20.579,-20.4474,-20.3305,-20.218,-20.0991
282,-20.5397,-20.4743,-20.3423,-20.2256,-20.1146,-19.9972
283,-20.2022,-20.1362,-20.0031,-19.8845,-19.7724,-19.6545
284,-19.742,-19.675,-19.5404,-19.4179,-19.3022,-19.182
285,-19.2452,-19.1771,-19.0406,-18.9134,-18.793,-18.6698
286,-18.749,-18.6798,-18.5416,-18.41,-18.2852,-18.159
287,-18.1933,-18.1233,-17.9837,-17.8495,-17.7222,-17.5946
288,-17.5248,-17.4541,-17.3133,-17.1767,-17.0469,-16.9179
289,-16.7995,-16.7277,-16.5845,-16.4437,-16.3087,-16.176
290,-16.0863,-16.0131,-15.8675,-15.7223,-15.5814,-15.4444
291,-15.3961,-15.3221,-15.1746,-15.0266,-14.8819,-14.7419
292,-14.7289,-14.6546,-14.507,-14.3585,-14.2133,-14.0728
293,-14.0889,-14.0151,-13.8684,-13.7217,-13.5793,-13.4406
294,-13.485,-13.4121,-13.2676,-13.1242,-12.9867,-12.8514
295,-12.8997,-12.828,-12.6861,-12.5468,-12.4149,-12.284
296,-12.2698,-12.1996,-12.0607,-11.9254,-11.7992,-11.673
297,-11.562,-11.4932,-11.3572,-11.2256,-11.1046,-10.9828
298,-10.8187,-10.7513,-10.6183,-10.4906,-10.3743,-10.2565
299,-10.0495,-9.98394,-9.85435,-9.73106,-9.61971,-9.50632
300,-9.26328,-9.19967,-9.07404,-8.95525,-8.84905,-8.7402
301,-8.43956,-8.37789,-8.256,-8.14165,-8.04069,-7.93657
302,-7.61024,-7.55024,-7.43161,-7.32121,-7.22402,-7.12346
303,-6.8507,-6.79206,-6.6758,-6.56799,-6.47222,-6.37333
304,-6.26057,-6.20227,-6.08643,-5.97874,-5.88005,-5.7792
305,-6.00198,-5.94314,-5.8255,-5.71541,-5.6089,-5.50216
306,-6.16297,-6.10331,-5.98352,-5.87035,-5.75479,-5.64086
307,-6.67929,-6.61951,-6.49898,-6.38411,-6.26264,-6.14402
308,-7.3914,-7.33227,-7.21298,-7.09824,-6.97462,-6.85453
309,-8.1907,-8.13253,-8.01508,-7.90098,-7.77699,-7.65684
310,-9.00697,-8.94968,-8.83429,-8.72059,-8.59696,-8.47727
311,-9.76702,-9.71062,-9.59724,-9.48422,-9.36235,-9.24411
312,-10.4738,-10.4182,-10.3069,-10.1941,-10.0728,-9.95523
313,-11.1702,-11.1153,-11.0053,-10.8922,-10.7707,-10.6529
314,-11.8556,-11.801,-11.6922,-11.578,-11.4558,-11.3375
315,-12.4869,-12.4326,-12.3248,-12.21,-12.0883,-11.9703
316,-13.0369,-12.9825,-12.8753,-12.7576,-12.6346,-12.5156
317,-13.5453,-13.4904,-13.3829,-13.2604,-13.1339,-13.0114
318,-14.0424,-13.9868,-13.8788,-13.751,-13.6199,-13.4932
319,-14.5816,-14.5252,-14.4161,-14.2842,-14.1488,-14.018
320,-15.1894,-15.1324,-15.022,-14.8884,-14.7506,-14.6173
321,-15.8949,-15.8374,-15.7253,-15.5917,-15.4525,-15.3178
322,-16.6853,-16.6272,-16.5138,-16.3809,-16.2407,-16.1051
323,-17.4861,-17.4279,-17.3134,-17.1828,-17.0448,-16.9107
324,-18.1883,-18.1298,-18.0148,-17.887,-17.7535,-17.6227
325,-18.7789,-18.7202,-18.6042,-18.4799,-18.3524,-18.2259
326,-19.2393,-19.1803,-19.0635,-18.9432,-18.8231,-18.7022
327,-19.5467,-19.4874,-19.3696,-19.2538,-19.1421,-19.0276
328,-19.7047,-19.645,-19.5259,-19.414,-19.3107,-19.2024
329,-19.7457,-19.6852,-19.5642,-19.4552,-19.3593,-19.2561
330,-19.7128,-19.6511,-19.528,-19.419,-19.327,-19.2263
331,-19.6429,-19.5799,-19.4545,-19.344,-19.2534,-19.1532
332,-19.5299,-19.4656,-19.3383,-19.2245,-19.1327,-19.0315
333,-19.3608,-19.2957,-19.1669,-19.05,-18.9564,-18.8536
334,-19.1101,-19.0444,-18.9149,-18.7959,-18.7002,-18.5962
335,-18.7487,-18.6831,-18.5537,-18.4354,-18.3402,-18.2369
336,-18.2647,-18.1991,-18.0699,-17.9514,-17.8549,-17.7512
337,-17.7477,-17.6821,-17.5523,-17.433,-17.3315,-17.2241
338,-17.2399,-17.1745,-17.0449,-16.9248,-16.8177,-16.7065
339,-16.7377,-16.6729,-16.5442,-16.4243,-16.3133,-16.1995
340,-16.1737,-16.1099,-15.9835,-15.8649,-15.7542,-15.6415
341,-15.4801,-15.418,-15.2947,-15.1795,-15.0725,-14.9639
342,-14.6196,-14.5593,-14.4398,-14.3284,-14.2269,-14.124
343,-13.6171,-13.5586,-13.4426,-13.3363,-13.2416,-13.1451
344,-12.5356,-12.4787,-12.3661,-12.2635,-12.1748,-12.0839
345,-11.4679,-11.4125,-11.3027,-11.2036,-11.1203,-11.0341
346,-10.4501,-10.3962,-10.2899,-10.1932,-10.1148,-10.0332
347,-9.47201,-9.42017,-9.31792,-9.22524,-9.15297,-9.07736
348,-8.48282,-8.43321,-8.33587,-8.24771,-8.18274,-8.11445
349,-7.46421,-7.41726,-7.32501,-7.2432,-7.18693,-7.12692
350,-6.40935,-6.36484,-6.27776,-6.20142,-6.15284,-6.10037
351,-5.36745,-5.32552,-5.24305,-5.17302,-5.13048,-5.08331
352,-4.37615,-4.33614,-4.25748,-4.19124,-4.15001,-4.10403
353,-3.5059,-3.46757,-3.39153,-3.32819,-3.28465,-3.2362
354,-2.77169,-2.7344,-2.66063,-2.59717,-2.54809,-2.49438
355,-2.17428,-2.13824,-2.06668,-2.00306,-1.94849,-1.88934
356,-1.64952,-1.61447,-1.54544,-1.48008,-1.41993,-1.35582
357,-1.20623,-1.17262,-1.10604,-1.04098,-0.976531,-0.908649
358,-0.813223,-0.781116,-0.717813,-0.653569,-0.587259,-0.518292
359,-0.468344,-0.43813,-0.378106,-0.316821,-0.25135,-0.183944
360,-0.160102,-0.131588,-0.0754758,-0.0163159,0.0468188,0.111196
361,0.108349,0.134788,0.187041,0.242,0.30084,0.361292
362,0.351274,0.375794,0.423667,0.475391,0.530663,0.587152
363,0.57102,0.593186,0.636861,0.683629,0.733776,0.78567
364,0.765945,0.786069,0.825418,0.868588,0.915759,0.963922
365,0.945436,0.962939,0.997831,1.03535,1.0768,1.11962
366,1.08839,1.10371,1.13374,1.16781,1.20636,1.2455
367,1.22874,1.24106,1.26535,1.29301,1.32427,1.35764
368,1.33692,1.34663,1.36492,1.38815,1.41512,1.44351
369,1.46864,1.47568,1.48965,1.507,1.53033,1.55135
370,1.58912,1.59295,1.59873,1.60974,1.62246,1.63688
371,1.71369,1.71448,1.71678,1.72269,1.73498,1.74997
372,1.84748,1.84615,1.84233,1.84339,1.84788,1.85166
373,1.95172,1.94752,1.93996,1.93467,1.9351,1.93859
374,2.07352,2.06616,2.05034,2.03908,2.03312,2.02729
375,2.14285,2.13362,2.11479,2.10201,2.09335,2.084
376,2.2511,2.23876,2.21157,2.18998,2.1687,2.15572
377,2.31999,2.30449,2.27194,2.25084,2.2301,2.20463
378,2.43228,2.41435,2.37697,2.34289,2.31678,2.28918
379,2.4952,2.47514,2.43301,2.39619,2.36598,2.33418
380,2.59962,2.5765,2.52933,2.49301,2.45875,2.42508
381,2.68081,2.65704,2.60488,2.56018,2.51703,2.47266
382,2.73082,2.704,2.64948,2.60765,2.56289,2.52173
383,2.80238,2.77439,2.71272,2.66366,2.61904,2.5713
384,2.85203,2.82054,2.75531,2.70092,2.65221,2.59743
385,2.92364,2.89138,2.82029,2.76521,2.70518,2.64824
386,2.96792,2.93284,2.85787,2.79743,2.74135,2.67461
387,3.0286,2.99236,2.91154,2.84998,2.78972,2.72655
388,3.05953,3.02186,2.93948,2.8716,2.80991,2.73795
389,3.10843,3.06857,2.98025,2.91351,2.84532,2.77408
390,3.13859,3.09876,3.00557,2.9327,2.86529,2.78715
391,3.17886,3.13665,3.04038,2.96525,2.89605,2.81388
392,3.20784,3.16369,3.064,2.98655,2.91471,2.83141
393,3.24758,3.20262,3.0972,3.01874,2.94645,2.85857
394,3.26885,3.22265,3.11724,3.03488,2.96189,2.87363
395,3.29761,3.25056,3.14154,3.05542,2.98233,2.89405
396,3.31105,3.26447,3.15185,3.06541,2.99097,2.90529
397,3.32974,3.28257,3.1667,3.08075,3.00556,2.91798
398,3.34404,3.29533,3.17755,3.09395,3.0154,2.92431
399,3.36146,3.31254,3.19393,3.11228,3.03507,2.93732
400,3.37553,3.32484,3.20669,3.12684,3.04931,2.94382
401,3.39252,3.34056,3.2226,3.14239,3.06484,2.94829
402,3.40047,3.34795,3.2296,3.14315,3.06638,2.94147
403,3.41078,3.35824,3.23732,3.14185,3.06544,2.93508
404,3.4144,3.36217,3.2388,3.13532,3.05748,2.92293
405,3.42198,3.36863,3.24379,3.13372,3.05289,2.9154
406,3.424,3.37046,3.24783,3.12819,3.04548,2.90552
407,3.43234,3.37647,3.25759,3.12816,3.04445,2.9006
408,3.43502,3.37767,3.2648,3.1233,3.03967,2.88956
409,3.44106,3.38217,3.2729,3.12008,3.03532,2.87992
410,3.44258,3.38278,3.27356,3.1102,3.02342,2.8644
411,3.44672,3.38682,3.27607,3.10271,3.01471,2.8521
412,3.44779,3.3876,3.27384,3.09258,3.0029,2.83688
413,3.45177,3.39053,3.27459,3.0871,2.99496,2.82662
414,3.45063,3.38866,3.27328,3.07822,2.98467,2.81287
415,3.45334,3.3893,3.2771,3.07467,2.97896,2.80336
416,3.45315,3.38628,3.27841,3.06697,2.96974,2.78857
417,3.45538,3.3866,3.28044,3.06049,2.96133,2.77569
418,3.45415,3.3849,3.27687,3.0493,2.94756,2.7597
419,3.45588,3.38656,3.2729,3.03978,2.93648,2.74612
420,3.45563,3.38613,3.26605,3.02944,2.92374,2.73041
421,3.45792,3.38779,3.2628,3.02356,2.9148,2.71907
422,3.45664,3.38557,3.25861,3.01534,2.90446,2.70594
423,3.45778,3.38449,3.25767,3.01129,2.89794,2.69551
424,3.45649,3.38037,3.25417,3.0043,2.88914,2.68159
425,3.4576,3.37937,3.25178,2.99683,2.88092,2.6688
426,3.45611,3.37745,3.2453,2.98706,2.86839,2.65492
427,3.45727,3.37822,3.23731,2.97792,2.85696,2.64253
428,3.45643,3.37732,3.22811,2.9671,2.84403,2.62622
429,3.45845,3.37811,3.22229,2.96105,2.83461,2.61428
430,3.45769,3.37642,3.2179,2.95565,2.82412,2.60263
431,3.4587,3.37506,3.21533,2.95231,2.8172,2.5938
432,3.45737,3.3707,3.21093,2.94622,2.80976,2.58121
433,3.45838,3.36929,3.20759,2.94022,2.80246,2.57045
434,3.45743,3.36769,3.20142,2.93266,2.79217,2.55935
435,3.45859,3.36857,3.19464,2.92629,2.78227,2.54926
436,3.4588,3.36807,3.18683,2.91648,2.76981,2.53502
437,3.46074,3.36873,3.18093,2.91031,2.76083,2.52452
438,3.46081,3.36725,3.1766,2.90768,2.75234,2.51559
439,3.46219,3.36598,3.17423,2.90636,2.74752,2.50935
440,3.46111,3.36143,3.1699,2.90132,2.74201,2.50054
441,3.46103,3.35941,3.1665,2.89599,2.73676,2.49157
442,3.4612,3.35781,3.16094,2.89076,2.72931,2.48358
443,3.46279,3.35906,3.15602,2.88664,2.72221,2.47642
444,3.46388,3.35893,3.14975,2.87949,2.71337,2.46623
445,3.46609,3.35972,3.14479,2.8745,2.70723,2.45852
446,3.46722,3.35885,3.14121,2.87286,2.70173,2.45277
447,3.46904,3.3576,3.13964,2.8729,2.69856,2.44954
448,3.46874,3.354,3.13695,2.87007,2.69503,2.44343
449,3.4694,3.3519,3.13441,2.86577,2.69194,2.43664
450,3.46954,3.35064,3.13009,2.86205,2.6861,2.43102
451,3.4718,3.35179,3.12612,2.85861,2.68094,2.42579
452,3.47327,3.35203,3.12102,2.85378,2.6738,2.41753
453,3.47639,3.35273,3.11711,2.84955,2.66941,2.41217
454,3.47833,3.35192,3.11446,2.84801,2.66535,2.40827
455,3.48078,3.3511,3.11365,2.84966,2.66361,2.40727
456,3.48189,3.348,3.11239,2.84807,2.66207,2.40335
457,3.48274,3.34607,3.11107,2.84474,2.66013,2.39847
458,3.48341,3.34492,3.1077,2.84195,2.65608,2.39446
459,3.48558,3.34599,3.10473,2.83984,2.65203,2.39105
460,3.48801,3.34692,3.10103,2.83639,2.64719,2.38546
461,3.49097,3.34783,3.09868,2.83313,2.64435,2.38169
462,3.49306,3.34751,3.09689,2.83266,2.64201,2.37947
463,3.49457,3.34662,3.09693,2.83455,2.64118,2.3802
464,3.49596,3.34438,3.09717,2.83458,2.64151,2.37855
465,3.4961,3.34294,3.0971,2.83284,2.64159,2.37602
466,3.49694,3.3425,3.09561,2.83141,2.63961,2.37415
467,3.49706,3.34313,3.09305,2.82979,2.63659,2.37262
468,3.49754,3.34405,3.09034,2.82743,2.6329,2.36808
469,3.49912,3.34449,3.08837,2.82433,2.63082,2.36544
470,3.49975,3.34458,3.08787,2.8245,2.62985,2.36509
471,3.50059,3.3442,3.08893,2.82722,2.63077,2.36762
472,3.50098,3.34246,3.09064,2.82868,2.63308,2.36798
473,3.50109,3.34154,3.09191,2.82844,2.63416,2.36782
474,3.50074,3.34152,3.09158,2.82797,2.63467,2.36779
475,3.50001,3.34221,3.09012,2.82752,2.63328,2.36835
476,3.49941,3.34314,3.08845,2.82583,2.62985,2.36563
477,3.4993,3.34387,3.08743,2.82358,2.63011,2.36438
478,3.49892,3.34444,3.08822,2.82468,2.63021,2.36583
479,3.49871,3.34431,3.09009,2.82817,2.63296,2.36965
480,3.49774,3.34288,3.09297,2.83088,2.63641,2.37258
