1,-13.6717,-13.6431,-13.5803,-13.5215,-13.4636,-13.3915
2,-14.6885,-14.6579,-14.5919,-14.5302,-14.4696,-14.3928
3,-15.534,-15.5016,-15.4316,-15.3658,-15.3003,-15.2173
4,-16.1661,-16.1318,-16.0586,-15.9896,-15.9211,-15.836
5,-16.6621,-16.6269,-16.5512,-16.4792,-16.4075,-16.3214
6,-17.0843,-17.0485,-16.972,-16.8991,-16.827,-16.7443
7,-17.5181,-17.4826,-17.4062,-17.3328,-17.2601,-17.1811
8,-17.9619,-17.9266,-17.8512,-17.7789,-17.7083,-17.6365
9,-18.3869,-18.3517,-18.2767,-18.2047,-18.1345,-18.067
10,-18.7022,-18.667,-18.5931,-18.5226,-18.4546,-18.3946
11,-18.9545,-18.9197,-18.8476,-18.779,-18.713,-18.6608
12,-19.1302,-19.0957,-19.0258,-18.9595,-18.8965,-18.8512
13,-19.2532,-19.2193,-19.1514,-19.0868,-19.0252,-18.9821
14,-19.3183,-19.2851,-19.2193,-19.1564,-19.0967,-19.0529
15,-19.3531,-19.3207,-19.2567,-19.1948,-19.1351,-19.0859
16,-19.3125,-19.2806,-19.218,-19.1568,-19.0974,-19.0406
17,-19.1654,-19.1342,-19.0723,-19.0108,-18.95,-18.8846
18,-18.8578,-18.8268,-18.7655,-18.7038,-18.6424,-18.5699
19,-18.4138,-18.3833,-18.3224,-18.26,-18.1969,-18.116
20,-17.834,-17.8035,-17.7429,-17.6799,-17.6156,-17.5267
21,-17.1259,-17.0957,-17.0348,-16.9706,-16.904,-16.8061
22,-16.2931,-16.2631,-16.2022,-16.1375,-16.0697,-15.965
23,-15.4583,-15.4291,-15.3686,-15.3037,-15.2349,-15.1258
24,-14.7008,-14.6722,-14.6129,-14.5493,-14.4817,-14.3727
25,-14.0603,-14.0326,-13.9749,-13.9131,-13.8473,-13.7417
26,-13.5091,-13.4817,-13.4259,-13.3668,-13.3046,-13.2052
27,-13.0073,-12.9801,-12.9259,-12.8691,-12.8095,-12.7159
28,-12.4982,-12.4708,-12.4181,-12.3636,-12.3073,-12.2202
29,-11.9501,-11.9225,-11.8703,-11.8166,-11.7614,-11.6774
30,-11.3229,-11.2948,-11.2422,-11.1886,-11.1341,-11.0516
31,-10.6504,-10.6219,-10.5691,-10.5154,-10.4612,-10.381
32,-9.97593,-9.94673,-9.89304,-9.839,-9.78492,-9.7067
33,-9.29863,-9.26874,-9.2139,-9.15893,-9.10417,-9.02673
34,-8.55808,-8.52726,-8.47132,-8.41563,-8.36066,-8.28371
35,-7.77096,-7.73946,-7.68219,-7.6254,-7.56957,-7.49395
36,-6.99882,-6.96652,-6.90783,-6.84999,-6.79363,-6.71953
37,-6.30093,-6.26827,-6.20858,-6.14979,-6.09258,-6.01999
38,-5.79143,-5.75902,-5.69992,-5.64191,-5.58568,-5.51768
39,-5.62452,-5.59315,-5.53578,-5.47932,-5.42442,-5.36224
40,-5.86452,-5.83375,-5.77761,-5.72235,-5.66863,-5.61112
41,-6.43505,-6.40422,-6.3475,-6.29149,-6.23681,-6.17995
42,-7.17222,-7.14026,-7.08109,-7.02279,-6.96597,-6.90665
43,-7.97662,-7.94332,-7.88077,-7.81905,-7.7586,-7.69377
44,-8.77499,-8.73998,-8.67374,-8.60868,-8.54504,-8.47495
45,-9.54266,-9.50608,-9.43592,-9.36708,-9.29956,-9.22353
46,-10.2864,-10.2483,-10.1746,-10.1025,-10.0319,-9.95066
47,-11.0152,-10.9759,-10.8992,-10.824,-10.75,-10.6629
48,-11.7055,-11.6647,-11.5852,-11.5073,-11.4307,-11.3385
49,-12.3308,-12.2887,-12.2063,-12.1253,-12.0454,-11.9469
50,-12.8898,-12.8462,-12.7611,-12.6774,-12.5947,-12.4894
51,-13.4676,-13.4228,-13.3358,-13.2495,-13.164,-13.0508
52,-14.0799,-14.0342,-13.9462,-13.8587,-13.7719,-13.6546
53,-14.7407,-14.6948,-14.607,-14.5195,-14.4324,-14.3147
54,-15.4285,-15.3831,-15.2971,-15.2113,-15.1262,-15.0141
55,-16.1548,-16.1105,-16.027,-15.9438,-15.8611,-15.757
56,-16.8909,-16.8476,-16.7668,-16.6863,-16.6066,-16.5115
57,-17.5909,-17.5482,-17.4688,-17.3896,-17.3112,-17.2213
58,-18.1737,-18.1314,-18.0533,-17.9756,-17.8988,-17.8142
59,-18.6867,-18.6452,-18.5692,-18.4935,-18.4188,-18.3411
60,-19.1882,-19.1474,-19.0736,-19.0005,-18.9289,-18.8596
61,-19.6781,-19.6381,-19.5663,-19.4954,-19.4261,-19.3639
62,-20.0692,-20.0298,-19.9595,-19.8903,-19.8228,-19.7659
63,-20.2644,-20.2253,-20.1556,-20.0868,-20.0196,-19.9638
64,-20.1821,-20.1431,-20.0737,-20.0049,-19.9375,-19.8803
65,-19.8664,-19.8275,-19.7586,-19.6895,-19.6215,-19.5604
66,-19.4123,-19.3734,-19.3053,-19.2363,-19.1679,-19.1015
67,-18.9225,-18.8838,-18.8165,-18.7473,-18.6782,-18.6051
68,-18.4351,-18.3964,-18.3298,-18.2608,-18.1914,-18.1125
69,-17.9101,-17.8715,-17.8053,-17.736,-17.6659,-17.5823
70,-17.2575,-17.219,-17.1531,-17.0836,-17.0131,-16.9255
71,-16.5472,-16.509,-16.4434,-16.3738,-16.3027,-16.2108
72,-15.8479,-15.81,-15.7448,-15.6752,-15.6039,-15.509
73,-15.1781,-15.1404,-15.0756,-15.006,-14.9345,-14.8375
74,-14.5262,-14.4887,-14.4244,-14.3554,-14.2846,-14.1876
75,-13.8994,-13.8622,-13.7987,-13.7306,-13.6607,-13.5655
76,-13.2985,-13.2613,-13.1988,-13.1321,-13.0639,-12.972
77,-12.7174,-12.6802,-12.6183,-12.5523,-12.4851,-12.3956
78,-12.0981,-12.0607,-11.9987,-11.933,-11.8661,-11.777
79,-11.4024,-11.3647,-11.3024,-11.2363,-11.1691,-11.0798
80,-10.6613,-10.6232,-10.5605,-10.4943,-10.4271,-10.3382
81,-9.89628,-9.85775,-9.79426,-9.7273,-9.65928,-9.57008
82,-9.11386,-9.07478,-9.01042,-8.94281,-8.8743,-8.78499
83,-8.29817,-8.25863,-8.19346,-8.12508,-8.05578,-7.96564
84,-7.4426,-7.40254,-7.33647,-7.26743,-7.1976,-7.10715
85,-6.64668,-6.60618,-6.53902,-6.46905,-6.3983,-6.30802
86,-5.96954,-5.92878,-5.86115,-5.79085,-5.71994,-5.63047
87,-5.56255,-5.52178,-5.45384,-5.38324,-5.31204,-5.22368
88,-5.54227,-5.50162,-5.43381,-5.36341,-5.29256,-5.20582
89,-5.94662,-5.90599,-5.83788,-5.76715,-5.69596,-5.60997
90,-6.61333,-6.57255,-6.50413,-6.43316,-6.36186,-6.2762
91,-7.42485,-7.38397,-7.31509,-7.24363,-7.17185,-7.08638
92,-8.28661,-8.24561,-8.17645,-8.10479,-8.03293,-7.948
93,-9.12958,-9.0884,-9.01867,-8.94648,-8.87412,-8.78945
94,-9.92777,-9.88642,-9.81634,-9.74382,-9.67126,-9.58651
95,-10.7122,-10.6707,-10.6003,-10.5274,-10.4544,-10.3698
96,-11.4585,-11.4169,-11.3461,-11.2729,-11.1997,-11.1149
97,-12.1701,-12.1283,-12.057,-11.9833,-11.9096,-11.8247
98,-12.7979,-12.7559,-12.6841,-12.6099,-12.5358,-12.4505
99,-13.3729,-13.3306,-13.2582,-13.1834,-13.1087,-13.0232
100,-13.9547,-13.912,-13.8391,-13.7638,-13.6886,-13.6025
101,-14.5778,-14.5349,-14.4613,-14.3855,-14.3097,-14.2234
102,-15.2363,-15.193,-15.119,-15.0427,-14.9664,-14.8796
103,-15.9366,-15.8931,-15.8186,-15.7418,-15.6651,-15.5782
104,-16.6782,-16.6345,-16.5596,-16.4824,-16.4054,-16.318
105,-17.4443,-17.4004,-17.3252,-17.2477,-17.1704,-17.0831
106,-18.1412,-18.0973,-18.0219,-17.9442,-17.8667,-17.779
107,-18.7652,-18.7213,-18.6457,-18.568,-18.4903,-18.4029
108,-19.3999,-19.356,-19.2805,-19.2027,-19.1252,-19.0376
109,-20.0258,-19.9819,-19.9064,-19.8287,-19.7511,-19.664
110,-20.5531,-20.5093,-20.4339,-20.3562,-20.2787,-20.1914
111,-20.8655,-20.8217,-20.7463,-20.6686,-20.5912,-20.5044
112,-20.8645,-20.8207,-20.7454,-20.6677,-20.5903,-20.5032
113,-20.5506,-20.5068,-20.4314,-20.3537,-20.2762,-20.1895
114,-20.0221,-19.9783,-19.9028,-19.8251,-19.7476,-19.6606
115,-19.3958,-19.3518,-19.2764,-19.1986,-19.121,-19.0344
116,-18.7607,-18.7167,-18.6413,-18.5636,-18.486,-18.3992
117,-18.1363,-18.0924,-18.017,-17.9394,-17.8619,-17.7757
118,-17.4385,-17.3947,-17.3196,-17.2422,-17.1649,-17.0786
119,-16.6721,-16.6285,-16.5536,-16.4766,-16.3995,-16.3141
120,-15.9305,-15.887,-15.8126,-15.736,-15.6593,-15.5741
121,-15.2302,-15.187,-15.1131,-15.0368,-14.9606,-14.8765
122,-14.5717,-14.5288,-14.4555,-14.3797,-14.304,-14.2202
123,-13.9486,-13.9061,-13.8332,-13.7581,-13.6829,-13.6003
124,-13.3668,-13.3246,-13.2524,-13.1778,-13.1032,-13.0208
125,-12.7917,-12.7497,-12.6781,-12.604,-12.53,-12.4488
126,-12.1635,-12.1217,-12.0507,-11.9771,-11.9035,-11.8225
127,-11.4517,-11.4102,-11.3396,-11.2665,-11.1933,-11.1133
128,-10.7053,-10.664,-10.5938,-10.5211,-10.4482,-10.368
129,-9.92123,-9.87998,-9.81009,-9.73772,-9.66521,-9.5857
130,-9.12334,-9.08223,-9.01279,-8.94077,-8.86854,-8.78865
131,-8.28059,-8.23966,-8.17072,-8.09919,-8.02738,-7.94831
132,-7.41917,-7.37836,-7.30977,-7.23848,-7.1668,-7.0873
133,-6.6088,-6.56806,-6.49985,-6.42899,-6.35771,-6.2789
134,-5.94335,-5.90273,-5.83492,-5.76435,-5.69326,-5.61422
135,-5.54186,-5.50118,-5.43355,-5.3632,-5.29233,-5.21349
136,-5.56511,-5.52424,-5.45653,-5.38597,-5.31477,-5.23445
137,-5.97497,-5.93409,-5.86656,-5.79621,-5.72518,-5.64453
138,-6.65331,-6.61265,-6.5457,-6.4757,-6.40491,-6.3233
139,-7.44987,-7.40969,-7.34379,-7.27472,-7.20478,-7.12402
140,-8.30484,-8.26523,-8.20037,-8.13206,-8.06278,-7.98253
141,-9.12016,-9.08106,-9.01701,-8.94947,-8.88092,-8.80272
142,-9.90164,-9.86315,-9.80015,-9.73338,-9.66546,-9.5875
143,-10.6664,-10.6284,-10.5662,-10.5002,-10.433,-10.357
144,-11.4066,-11.3691,-11.3074,-11.2417,-11.1746,-11.0985
145,-12.1018,-12.0646,-12.0032,-11.9378,-11.871,-11.7971
146,-12.72,-12.6831,-12.6219,-12.5564,-12.4893,-12.4151
147,-13.3008,-13.2641,-13.2022,-13.1359,-13.0679,-12.9937
148,-13.9011,-13.8644,-13.8017,-13.7341,-13.6646,-13.5895
149,-14.5281,-14.4912,-14.4276,-14.3592,-14.2886,-14.2155
150,-15.1801,-15.143,-15.0789,-15.0099,-14.9387,-14.8675
151,-15.851,-15.8136,-15.7491,-15.6799,-15.6088,-15.5418
152,-16.5512,-16.5134,-16.4485,-16.3793,-16.3083,-16.2439
153,-17.2627,-17.2246,-17.1591,-17.09,-17.0194,-16.9588
154,-17.9147,-17.8765,-17.8108,-17.7418,-17.6717,-17.6131
155,-18.44,-18.4016,-18.3355,-18.2666,-18.197,-18.1429
156,-18.9288,-18.8903,-18.8233,-18.7542,-18.6849,-18.6355
157,-19.4204,-19.3817,-19.3137,-19.2446,-19.1758,-19.1332
158,-19.8748,-19.8359,-19.7672,-19.698,-19.6295,-19.5902
159,-20.1895,-20.1505,-20.0812,-20.0121,-19.9443,-19.9068
160,-20.2687,-20.2297,-20.1603,-20.0913,-20.0237,-19.983
161,-20.0707,-20.0314,-19.9613,-19.892,-19.8242,-19.7793
162,-19.6767,-19.637,-19.5655,-19.4946,-19.4251,-19.3714
163,-19.185,-19.1447,-19.071,-18.998,-18.9263,-18.8643
164,-18.6816,-18.6407,-18.5649,-18.4894,-18.4149,-18.3427
165,-18.167,-18.1254,-18.0475,-17.97,-17.8934,-17.8147
166,-17.5818,-17.5399,-17.4608,-17.3819,-17.3039,-17.2166
167,-16.8804,-16.838,-16.7573,-16.6772,-16.5978,-16.5032
168,-16.1428,-16.0995,-16.0162,-15.9333,-15.8511,-15.7468
169,-15.416,-15.3716,-15.2857,-15.2003,-15.1157,-15.0052
170,-14.7273,-14.6826,-14.595,-14.5079,-14.4215,-14.3056
171,-14.067,-14.0224,-13.9345,-13.8475,-13.7613,-13.6463
172,-13.4552,-13.4115,-13.3247,-13.2388,-13.154,-13.0412
173,-12.8786,-12.8362,-12.7512,-12.6678,-12.5857,-12.4793
174,-12.3196,-12.2786,-12.1963,-12.1158,-12.0365,-11.933
175,-11.6937,-11.654,-11.5746,-11.4971,-11.4211,-11.3216
176,-11.0027,-10.9644,-10.888,-10.8133,-10.7401,-10.6427
177,-10.2741,-10.2371,-10.1636,-10.092,-10.022,-9.92965
178,-9.52996,-9.49447,-9.42465,-9.35652,-9.28978,-9.20049
179,-8.76236,-8.72845,-8.66247,-8.59816,-8.53523,-8.45128
180,-7.96364,-7.93137,-7.86921,-7.80835,-7.74874,-7.66984
181,-7.16066,-7.12963,-7.07076,-7.01328,-6.95715,-6.88536
182,-6.42513,-6.39507,-6.33876,-6.28352,-6.22951,-6.15865
183,-5.85889,-5.82876,-5.77286,-5.71817,-5.66487,-5.59592
184,-5.62386,-5.59296,-5.53587,-5.47986,-5.42532,-5.35657
185,-5.79596,-5.76398,-5.70497,-5.64729,-5.59125,-5.52447
186,-6.30815,-6.27583,-6.21633,-6.15784,-6.10086,-6.03388
187,-7.00838,-6.97636,-6.91776,-6.86008,-6.80374,-6.73871
188,-7.78085,-7.74957,-7.69253,-7.63581,-7.57999,-7.514
189,-8.56842,-8.53783,-8.48205,-8.42627,-8.37112,-8.30674
190,-9.3084,-9.27872,-9.22417,-9.16903,-9.11407,-9.05303
191,-9.98631,-9.95731,-9.90384,-9.84945,-9.79494,-9.73392
192,-10.6615,-10.6332,-10.5807,-10.5266,-10.4719,-10.4069
193,-11.3345,-11.3065,-11.2542,-11.2,-11.1448,-11.0811
194,-11.961,-11.9335,-11.8817,-11.8273,-11.7715,-11.7091
195,-12.5098,-12.4825,-12.4301,-12.3746,-12.3172,-12.2668
196,-13.0201,-12.9928,-12.9389,-12.8808,-12.82,-12.7953
197,-13.5234,-13.4957,-13.4401,-13.3795,-13.3156,-13.3125
198,-14.0766,-14.0486,-13.9912,-13.9278,-13.8604,-13.8652
199,-14.7192,-14.6906,-14.6314,-14.5662,-14.4971,-14.4937
200,-15.4777,-15.4486,-15.3885,-15.3224,-15.2525,-15.2301
201,-16.3117,-16.2822,-16.2215,-16.156,-16.0874,-16.0438
202,-17.1412,-17.1118,-17.0513,-16.9869,-16.9199,-16.8557
203,-17.8453,-17.8161,-17.7557,-17.6928,-17.6284,-17.5437
204,-18.4211,-18.392,-18.3316,-18.2696,-18.2068,-18.0979
205,-18.861,-18.8318,-18.7708,-18.7098,-18.649,-18.5082
206,-19.1635,-19.1342,-19.0729,-19.0125,-18.9529,-18.7779
207,-19.3074,-19.2779,-19.2157,-19.1559,-19.0979,-18.8758
208,-19.3458,-19.316,-19.2526,-19.1924,-19.1346,-18.8381
209,-19.308,-19.2776,-19.2122,-19.1513,-19.0935,-18.7339
210,-19.2388,-19.2079,-19.1405,-19.0779,-19.0185,-18.6301
211,-19.1123,-19.0805,-19.0109,-18.9465,-18.8855,-18.5198
212,-18.9338,-18.9015,-18.8298,-18.7628,-18.6987,-18.3919
213,-18.6805,-18.6475,-18.5737,-18.5045,-18.438,-18.209
214,-18.3643,-18.3312,-18.2565,-18.1857,-18.1169,-17.9543
215,-17.9405,-17.9071,-17.8317,-17.7604,-17.6911,-17.5865
216,-17.4984,-17.4646,-17.3884,-17.3159,-17.2446,-17.1907
217,-17.0653,-17.0312,-16.9547,-16.8826,-16.8116,-16.8073
218,-16.6433,-16.6095,-16.534,-16.4628,-16.3924,-16.4341
219,-16.1471,-16.1142,-16.041,-15.9725,-15.905,-15.9971
220,-15.5139,-15.4827,-15.4129,-15.3475,-15.283,-15.4194
221,-14.6684,-14.6388,-14.5727,-14.5113,-14.4513,-14.6216
222,-13.652,-13.6243,-13.5616,-13.503,-13.4458,-13.6224
223,-12.5074,-12.481,-12.421,-12.3651,-12.3111,-12.4676
224,-11.3681,-11.3431,-11.2853,-11.2308,-11.1778,-11.288
225,-10.2683,-10.2446,-10.1889,-10.1366,-10.0861,-10.1495
226,-9.2399,-9.218,-9.16538,-9.11515,-9.06643,-9.10029
227,-8.17819,-8.1582,-8.10943,-8.06312,-8.01879,-8.04895
228,-7.09482,-7.0771,-7.03237,-6.98918,-6.94773,-6.96528
229,-5.94687,-5.93111,-5.89046,-5.85151,-5.81481,-5.83009
230,-4.82016,-4.80636,-4.76944,-4.73336,-4.69909,-4.70824
231,-3.72034,-3.70785,-3.67412,-3.6417,-3.6114,-3.6221
232,-2.77088,-2.7595,-2.72795,-2.69721,-2.66785,-2.67188
233,-1.96038,-1.94964,-1.92016,-1.89226,-1.8659,-1.87227
234,-1.35125,-1.3416,-1.31416,-1.28776,-1.26212,-1.26513
235,-0.812831,-0.804332,-0.779882,-0.757004,-0.735291,-0.747133
236,-0.37548,-0.368497,-0.346765,-0.325842,-0.305421,-0.314483
237,0.0294367,0.0352626,0.0538941,0.0711651,0.0874944,0.0716616
238,0.341407,0.345516,0.361177,0.376171,0.390891,0.381388
239,0.648797,0.651577,0.663825,0.674648,0.68467,0.667309
240,0.88313,0.884118,0.893213,0.901487,0.909682,0.896236
241,1.13118,1.13074,1.13619,1.14,1.14307,1.11621
242,1.32241,1.3201,1.32218,1.32341,1.32462,1.30041
243,1.52923,1.52553,1.52366,1.52061,1.51684,1.48065
244,1.68535,1.6793,1.67364,1.66775,1.66184,1.63437
245,1.84507,1.83751,1.82773,1.81713,1.80609,1.77196
246,1.96447,1.95384,1.93995,1.92591,1.91201,1.88685
247,2.08428,2.07172,2.05335,2.03359,2.01359,1.98052
248,2.19565,2.1798,2.15761,2.13459,2.11215,2.07712
249,2.31824,2.3005,2.27328,2.24414,2.21491,2.17246
250,2.43912,2.41859,2.38617,2.35337,2.3216,2.27089
251,2.57036,2.54816,2.51236,2.47553,2.4389,2.3819
252,2.69302,2.66866,2.62724,2.58583,2.54562,2.49605
253,2.79432,2.76734,2.72321,2.67869,2.63543,2.5868
254,2.895,2.86444,2.8149,2.7654,2.7165,2.65376
255,2.97225,2.93896,2.88625,2.83249,2.78142,2.72947
256,3.06979,3.03234,2.9726,2.90836,2.8497,2.79194
257,3.14878,3.10909,3.04887,2.98933,2.93255,2.86414
258,3.24212,3.19845,3.12895,3.06118,2.99551,2.927
259,3.31912,3.27716,3.20858,3.1385,3.07194,2.99504
260,3.40358,3.3549,3.27701,3.20333,3.13636,3.06309
261,3.47155,3.42419,3.35152,3.27358,3.20209,3.12092
262,3.55166,3.49786,3.4133,3.33166,3.25846,3.18104
263,3.58934,3.53144,3.44647,3.36166,3.28586,3.20778
264,3.67646,3.61843,3.52585,3.4334,3.35151,3.26656
265,3.70958,3.64549,3.54632,3.45133,3.3737,3.29753
266,3.78196,3.7178,3.62056,3.5247,3.44183,3.35476
267,3.81438,3.74522,3.64207,3.54184,3.45974,3.37775
268,3.86432,3.79356,3.68483,3.58012,3.49678,3.4133
269,3.89596,3.8226,3.71091,3.6036,3.51497,3.43616
270,3.93865,3.86086,3.74382,3.62983,3.54486,3.46283
271,3.96809,3.88758,3.76222,3.64358,3.55815,3.48705
272,4.01412,3.93234,3.79948,3.675,3.59106,3.52065
273,4.04081,3.95546,3.81652,3.68795,3.60386,3.54633
274,4.07727,3.98828,3.84692,3.71657,3.63078,3.57302
275,4.08979,3.99761,3.85268,3.71864,3.63176,3.58132
276,4.11127,4.0192,3.8749,3.73881,3.65,3.5949
277,4.11913,4.02589,3.87464,3.73246,3.64808,3.6009
278,4.14015,4.04934,3.89412,3.74987,3.6654,3.61311
279,4.15132,4.06171,3.89774,3.74811,3.67056,3.62407
280,4.17123,4.08637,3.91464,3.76277,3.68823,3.64126
281,4.17705,4.09705,3.91744,3.76173,3.69346,3.64884
282,4.18604,4.10847,3.92848,3.77365,3.70447,3.65462
283,4.17997,4.10215,3.92613,3.76757,3.70154,3.6479
284,4.1791,4.10314,3.93382,3.7735,3.70928,3.64271
285,4.1714,4.10039,3.93202,3.7707,3.70774,3.63636
286,4.17201,4.11008,3.94035,3.77622,3.72429,3.63811
287,4.16531,4.11115,3.93631,3.77396,3.73272,3.63362
288,4.16674,4.12019,3.9398,3.77712,3.75202,3.63372
289,4.15907,4.11999,3.93597,3.7741,3.75908,3.62722
290,4.15816,4.11958,3.93994,3.77869,3.77135,3.62322
291,4.14921,4.10651,3.936,3.77678,3.77222,3.61085
292,4.14584,4.10059,3.9386,3.78018,3.78032,3.60107
293,4.1381,4.09251,3.93626,3.77692,3.78575,3.59105
294,4.13585,4.09561,3.93906,3.78108,3.80067,3.587
295,4.12874,4.09318,3.93414,3.77903,3.8125,3.57852
296,4.12599,4.0961,3.93306,3.78072,3.8297,3.5727
297,4.12079,4.09331,3.92724,3.77664,3.83915,3.56347
298,4.11783,4.09003,3.92821,3.78184,3.85059,3.55507
299,4.1126,4.07974,3.92386,3.78219,3.85375,3.5434
300,4.11034,4.07415,3.92495,3.78548,3.8611,3.53309
301,4.10447,4.0674,3.92246,3.78408,3.86654,3.52182
302,4.1027,4.0679,3.92397,3.7887,3.87647,3.51221
303,4.09694,4.06566,3.91915,3.78706,3.8805,3.50309
304,4.09691,4.06725,3.91633,3.79034,3.88818,3.49583
305,4.09062,4.06479,3.91103,3.78842,3.88985,3.4889
306,4.09023,4.063,3.91063,3.79297,3.89109,3.4807
307,4.0848,4.05507,3.9074,3.79536,3.88904,3.47053
308,4.08598,4.05157,3.9084,3.8005,3.89321,3.46065
309,4.0813,4.04746,3.90734,3.80287,3.89456,3.45147
310,4.08131,4.04695,3.90818,3.80582,3.89831,3.44308
311,4.0772,4.04592,3.90397,3.80412,3.89995,3.43796
312,4.07654,4.048,3.90166,3.80752,3.90721,3.43127
313,4.07423,4.04674,3.89768,3.80847,3.91065,3.42745
314,4.07433,4.04732,3.89801,3.81145,3.9116,3.42424
315,4.07078,4.04109,3.89613,3.81414,3.9084,3.41827
316,4.0716,4.03822,3.89668,3.81594,3.90881,3.41125
317,4.07001,4.03497,3.89684,3.81748,3.90842,3.40678
318,4.07036,4.03574,3.8972,3.81771,3.90948,3.4021
319,4.06922,4.03662,3.89569,3.81629,3.91098,3.40108
320,4.06672,4.03854,3.89379,3.81728,3.91535,3.3985
321,4.06865,4.04048,3.89221,3.81849,3.9183,3.39816
322,4.06945,4.03985,3.8924,3.81795,3.91634,3.39676
323,4.06731,4.03759,3.89258,3.81819,3.91237,3.39393
324,4.06864,4.0343,3.89267,3.81648,3.90933,3.38974
325,4.07005,4.03345,3.89512,3.81634,3.9078,3.38933
326,4.06928,4.03427,3.89602,3.81533,3.90612,3.38653
327,4.07154,4.03723,3.89668,3.81235,3.90618,3.38917
328,4.07058,4.03956,3.89533,3.80929,3.90754,3.38906
329,4.0735,4.04314,3.89525,3.80874,3.91007,3.39107
330,4.07349,4.04391,3.89504,3.80538,3.90552,3.39116
331,4.07614,4.04439,3.89832,3.80517,3.90135,3.39147
332,4.07625,4.0403,3.8987,3.80194,3.89533,3.39076
333,4.07992,4.04231,3.90285,3.80099,3.89441,3.39261
334,4.08063,4.04178,3.90328,3.79852,3.89048,3.39312
335,4.08439,4.04776,3.90572,3.79506,3.88881,3.39758
336,4.08459,4.04918,3.90454,3.78936,3.88568,3.39897
337,4.089,4.05601,3.90546,3.78806,3.8878,3.40328
338,4.08894,4.0577,3.90609,3.78414,3.88313,3.4055
339,4.09493,4.06006,3.91114,3.78576,3.87892,3.40953
340,4.09492,4.05617,3.91106,3.7826,3.87244,3.41031
341,4.10039,4.05869,3.91585,3.78144,3.86948,3.41553
342,4.10249,4.05782,3.91616,3.77818,3.86121,3.41696
343,4.10784,4.06569,3.91983,3.7789,3.85353,3.42468
344,4.10884,4.06871,3.91847,3.77483,3.84316,3.42796
345,4.1152,4.07753,3.92143,3.77545,3.83697,3.43582
346,4.11663,4.08022,3.92076,3.77127,3.82196,3.43891
347,4.12389,4.08354,3.92647,3.77412,3.80971,3.44567
348,4.12432,4.07863,3.92442,3.77128,3.78928,3.44817
349,4.13137,4.08124,3.92916,3.77263,3.77345,3.45409
350,4.13216,4.07803,3.92771,3.76947,3.757,3.45767
351,4.14102,4.08644,3.93152,3.77193,3.75157,3.46742
352,4.14166,4.08957,3.92848,3.76869,3.74392,3.47255
353,4.15014,4.1007,3.933,3.77174,3.74248,3.4827
354,4.1505,4.1006,3.9286,3.76653,3.73029,3.48569
355,4.15779,4.10236,3.93286,3.77011,3.72315,3.49251
356,4.15502,4.09126,3.92706,3.76433,3.70599,3.49433
357,4.16067,4.09182,3.92949,3.76784,3.69953,3.50002
358,4.15772,4.08209,3.92321,3.7621,3.68891,3.50143
359,4.16554,4.08642,3.92635,3.76757,3.69188,3.51231
360,4.16206,4.08351,3.91981,3.76146,3.68691,3.51613
361,4.16851,4.09088,3.92239,3.76518,3.6885,3.52552
362,4.15803,4.07877,3.9095,3.75477,3.67927,3.52106
363,4.1537,4.07106,3.90743,3.75497,3.67402,3.52627
364,4.13342,4.04628,3.89131,3.74102,3.65912,3.51556
365,4.12372,4.03481,3.88756,3.7432,3.65479,3.52232
366,4.10148,4.01365,3.87114,3.7301,3.64134,3.51613
367,4.09629,4.00892,3.86897,3.73244,3.64162,3.51887
368,4.074,3.98785,3.84871,3.71237,3.62494,3.50457
369,4.06188,3.97918,3.84074,3.7074,3.6213,3.50966
370,4.02649,3.94524,3.80906,3.6782,3.5959,3.48257
371,4.0024,3.92485,3.7959,3.67071,3.58528,3.47635
372,3.95538,3.8794,3.75781,3.63737,3.55077,3.4473
373,3.92876,3.85531,3.7394,3.62401,3.53839,3.44103
374,3.88349,3.81357,3.70443,3.5966,3.50973,3.41271
375,3.85754,3.7916,3.68592,3.58031,3.49532,3.40668
376,3.80275,3.73854,3.63528,3.5342,3.45264,3.36053
377,3.77743,3.71535,3.61697,3.51675,3.43467,3.35143
378,3.69922,3.63943,3.54468,3.44947,3.37011,3.28239
379,3.66975,3.61426,3.52132,3.43218,3.35446,3.27175
380,3.57935,3.52597,3.44079,3.35144,3.27526,3.1994
381,3.54953,3.50033,3.41796,3.33688,3.26115,3.18515
382,3.46139,3.41295,3.33808,3.26226,3.19661,3.12826
383,3.40005,3.35493,3.27825,3.19962,3.13033,3.05856
384,3.31741,3.27709,3.20758,3.14026,3.07459,3.01322
385,3.2266,3.18594,3.11941,3.05017,2.98811,2.92285
386,3.1528,3.11416,3.0519,2.98963,2.93036,2.87873
387,3.06166,3.02585,2.96797,2.90695,2.84865,2.79273
388,2.96581,2.93521,2.88405,2.83195,2.78087,2.73859
389,2.8868,2.85698,2.80592,2.75474,2.70725,2.6607
390,2.79552,2.77041,2.72611,2.6809,2.6368,2.60058
391,2.6864,2.66239,2.62174,2.5813,2.54198,2.50673
392,2.5669,2.5461,2.50995,2.47252,2.43559,2.40687
393,2.43534,2.41526,2.38329,2.35058,2.31908,2.2943
394,2.31228,2.29555,2.26841,2.23927,2.21027,2.18967
395,2.19326,2.17786,2.15584,2.13258,2.11017,2.09535
396,2.07862,2.06712,2.04877,2.02932,2.00969,1.9997
397,1.96081,1.95097,1.93744,1.92364,1.91024,1.90554
398,1.84041,1.83377,1.82391,1.81344,1.80257,1.80109
399,1.68062,1.67539,1.67015,1.66438,1.65895,1.66248
400,1.52397,1.52105,1.51913,1.51602,1.51232,1.51776
401,1.3168,1.31513,1.3177,1.31903,1.32071,1.33205
402,1.12535,1.12565,1.13108,1.13486,1.13802,1.1505
403,0.877084,0.878736,0.888257,0.896756,0.905453,0.92406
404,0.642843,0.646454,0.65862,0.669477,0.679616,0.698686
405,0.334855,0.339778,0.35576,0.370987,0.3862,0.410805
406,0.0226096,0.0293099,0.0478366,0.0650762,0.0814887,0.106074
407,-0.38332,-0.375517,-0.353483,-0.33245,-0.311607,-0.282426
408,-0.821284,-0.811959,-0.787577,-0.764808,-0.743039,-0.714338
409,-1.36064,-1.35022,-1.32247,-1.296,-1.26996,-1.23685
410,-1.97071,-1.95923,-1.92984,-1.90207,-1.8757,-1.84499
411,-2.78325,-2.77115,-2.73937,-2.70858,-2.67891,-2.64634
412,-3.73416,-3.72094,-3.68733,-3.65503,-3.62476,-3.59396
413,-4.83493,-4.82042,-4.7833,-4.7472,-4.71268,-4.67747
414,-5.96201,-5.94548,-5.90494,-5.86611,-5.82941,-5.792
415,-7.11034,-7.09186,-7.04693,-7.00369,-6.96192,-6.91725
416,-8.19364,-8.17283,-8.12414,-8.07787,-8.03338,-7.98447
417,-9.2547,-9.23201,-9.1792,-9.12886,-9.0797,-9.02437
418,-10.2817,-10.2572,-10.2017,-10.1494,-10.0987,-10.0414
419,-11.3833,-11.3576,-11.2997,-11.2451,-11.1917,-11.1293
420,-12.5247,-12.4975,-12.4376,-12.3818,-12.3275,-12.262
