1,3.90034,3.82278,3.57053,3.28503,3.04617,2.82661
2,3.89899,3.8187,3.5695,3.28674,3.04717,2.82902
3,3.89629,3.81497,3.56864,3.28771,3.04931,2.83216
4,3.89523,3.812,3.56843,3.28369,3.05177,2.83374
5,3.89298,3.80898,3.56837,3.28175,3.05559,2.83884
6,3.89264,3.80626,3.56817,3.28572,3.05905,2.84374
7,3.89087,3.80302,3.56701,3.28866,3.06351,2.8474
8,3.89241,3.8002,3.56574,3.28787,3.06763,2.8488
9,3.89215,3.79759,3.56485,3.28464,3.07323,2.8496
10,3.8909,3.79536,3.56392,3.28408,3.07801,2.85199
11,3.88896,3.79292,3.56341,3.28131,3.08407,2.85499
12,3.8869,3.79077,3.56269,3.27593,3.08872,2.85315
13,3.884,3.78934,3.56273,3.2712,3.09346,2.85411
14,3.88249,3.78791,3.56274,3.27294,3.0969,2.85652
15,3.88049,3.78658,3.56331,3.27563,3.10227,2.85907
16,3.8803,3.78519,3.56341,3.2738,3.10655,2.85577
17,3.87963,3.78402,3.5641,3.26869,3.11182,2.85063
18,3.87726,3.78304,3.56468,3.26441,3.11587,2.84812
19,3.87441,3.78243,3.56586,3.25962,3.11878,2.84686
20,3.87026,3.78181,3.56661,3.25814,3.11883,2.8422
21,3.86611,3.78185,3.5683,3.25705,3.11951,2.84253
22,3.86366,3.7817,3.56957,3.25986,3.11741,2.84549
23,3.86082,3.7817,3.57111,3.26132,3.11579,2.84838
24,3.85864,3.78125,3.57137,3.25765,3.1124,2.84374
25,3.85673,3.78066,3.57155,3.25337,3.11042,2.84096
26,3.85122,3.77973,3.57055,3.24696,3.10645,2.83689
27,3.84543,3.77822,3.56966,3.24323,3.10265,2.83497
28,3.83914,3.77583,3.56717,3.23983,3.09652,2.83349
29,3.83407,3.77364,3.56547,3.23825,3.09238,2.83337
30,3.82977,3.77045,3.5616,3.23724,3.08581,2.83216
31,3.82499,3.76757,3.55796,3.23837,3.08033,2.83258
32,3.82105,3.76319,3.55272,3.23393,3.07315,2.82918
33,3.81748,3.75892,3.54804,3.23292,3.06841,2.82809
34,3.8096,3.75225,3.54139,3.22718,3.06083,2.82338
35,3.80029,3.74531,3.53462,3.22305,3.05422,2.82247
36,3.79104,3.73638,3.5247,3.22324,3.04647,2.82347
37,3.78334,3.72749,3.51534,3.22435,3.04148,2.82758
38,3.77757,3.71735,3.50528,3.22362,3.03453,2.82913
39,3.77218,3.70745,3.4958,3.22292,3.03238,2.83198
40,3.76547,3.69764,3.48502,3.22183,3.02765,2.83212
41,3.75854,3.6869,3.47491,3.22398,3.02773,2.8379
42,3.74792,3.67489,3.46326,3.22135,3.02261,2.83811
43,3.73596,3.66227,3.4512,3.2205,3.02265,2.84289
44,3.72299,3.64549,3.4378,3.22012,3.01803,2.84756
45,3.71414,3.63146,3.42645,3.22357,3.01612,2.85549
46,3.70485,3.61665,3.41542,3.22317,3.01313,2.8602
47,3.69671,3.6042,3.4055,3.22504,3.01517,2.86691
48,3.68755,3.59157,3.39604,3.22301,3.01253,2.86864
49,3.67592,3.57933,3.38694,3.22424,3.01316,2.87522
50,3.66413,3.56465,3.37544,3.22017,3.01024,2.87567
51,3.65028,3.55297,3.36722,3.21961,3.01066,2.88303
52,3.63661,3.53639,3.35384,3.21793,3.00727,2.88584
53,3.62513,3.52244,3.34289,3.21882,3.00732,2.89251
54,3.61147,3.50796,3.33292,3.21498,3.00361,2.89412
55,3.59942,3.4932,3.32106,3.21131,3.00453,2.89672
56,3.5862,3.48021,3.31177,3.20525,3.00024,2.89718
57,3.56768,3.46313,3.2976,3.19777,3.00043,2.89612
58,3.55073,3.44767,3.28626,3.19193,2.99659,2.89624
59,3.53088,3.4305,3.27289,3.18344,2.9932,2.89603
60,3.51197,3.41314,3.25856,3.17494,2.98896,2.89355
61,3.49099,3.39357,3.24412,3.16667,2.97926,2.89282
62,3.46857,3.37102,3.22362,3.15224,2.97249,2.88264
63,3.44714,3.35253,3.21179,3.14,2.96364,2.8799
64,3.42163,3.32685,3.18745,3.11926,2.95102,2.865
65,3.39777,3.30922,3.17374,3.10679,2.94311,2.86143
66,3.36825,3.28226,3.1533,3.08616,2.93157,2.84683
67,3.34466,3.26072,3.13522,3.07209,2.92308,2.84193
68,3.31039,3.23137,3.11115,3.04625,2.90304,2.82217
69,3.27846,3.20089,3.0849,3.02478,2.88462,2.80873
70,3.23967,3.16564,3.05473,2.99291,2.86214,2.78375
71,3.20322,3.13333,3.0251,2.96464,2.83951,2.76458
72,3.16341,3.09704,2.99563,2.93014,2.81523,2.73694
73,3.12318,3.0614,2.96384,2.89971,2.79181,2.71688
74,3.07634,3.01721,2.92274,2.85849,2.75506,2.67813
75,3.02365,2.96892,2.87801,2.81585,2.71868,2.64692
76,2.95731,2.90654,2.8174,2.75877,2.66314,2.59197
77,2.89295,2.84615,2.76646,2.7035,2.61657,2.55013
78,2.81361,2.77057,2.6898,2.63117,2.54898,2.48193
79,2.73448,2.69493,2.62416,2.56459,2.49156,2.42844
80,2.64485,2.60871,2.53935,2.47769,2.4066,2.34247
81,2.54195,2.509,2.44349,2.38723,2.32281,2.26593
82,2.41173,2.38063,2.31817,2.26185,2.20077,2.14347
83,2.25491,2.22651,2.1691,2.11884,2.06233,2.01334
84,2.06108,2.03429,1.97991,1.93162,1.87808,1.82975
85,1.88497,1.86231,1.81337,1.76952,1.72106,1.68008
86,1.70176,1.68047,1.63484,1.59172,1.54751,1.50555
87,1.56404,1.54567,1.50723,1.47143,1.4342,1.39834
88,1.41306,1.3961,1.35966,1.32589,1.29002,1.25935
89,1.31412,1.29876,1.26668,1.23493,1.20429,1.17406
90,1.19905,1.18594,1.15849,1.13291,1.10769,1.08368
91,1.13085,1.11995,1.09683,1.0736,1.05199,1.0288
92,1.06411,1.05529,1.03727,1.02055,1.00484,0.989076
93,1.02794,1.0213,1.00802,0.994322,0.982156,0.969159
94,1.0078,1.00366,0.995674,0.988527,0.98281,0.976156
95,0.998492,0.996904,0.994206,0.992506,0.990565,0.987438
96,0.949656,0.950513,0.952151,0.955248,0.958262,0.963467
97,0.861258,0.86393,0.869698,0.87693,0.884079,0.892445
98,0.710488,0.716222,0.726792,0.740102,0.751004,0.767471
99,0.558115,0.565658,0.580631,0.597487,0.614043,0.633279
100,0.39441,0.404599,0.42433,0.445874,0.466417,0.489551
101,0.282517,0.295041,0.319913,0.346466,0.371757,0.40069
102,0.173638,0.188517,0.217789,0.247118,0.278296,0.307058
103,0.0706998,0.0875686,0.121334,0.155535,0.190262,0.224592
104,-0.0478805,-0.0284839,0.00978473,0.0481741,0.0878385,0.125222
105,-0.194504,-0.173672,-0.131863,-0.0893471,-0.047527,-0.00686593
106,-0.340423,-0.317155,-0.27082,-0.224428,-0.177258,-0.133111
107,-0.507268,-0.48293,-0.43361,-0.385019,-0.335101,-0.290643
108,-0.643453,-0.616764,-0.562959,-0.510656,-0.455458,-0.407634
109,-0.811233,-0.783589,-0.727045,-0.673343,-0.615056,-0.567911
110,-0.967815,-0.937752,-0.87675,-0.818095,-0.755539,-0.703073
111,-1.20425,-1.17308,-1.10933,-1.04848,-0.983246,-0.929883
112,-1.48554,-1.45193,-1.38388,-1.31747,-1.24848,-1.1884
113,-1.89722,-1.8626,-1.79208,-1.72351,-1.65224,-1.59125
114,-2.37072,-2.33387,-2.2593,-2.18602,-2.11086,-2.04452
115,-2.99242,-2.95514,-2.87888,-2.80493,-2.72791,-2.66335
116,-3.7965,-3.75791,-3.67902,-3.60207,-3.52251,-3.45566
117,-4.83441,-4.79536,-4.71474,-4.63695,-4.55555,-4.4902
118,-5.99447,-5.95326,-5.86859,-5.78618,-5.70091,-5.6305
119,-7.23537,-7.19235,-7.10377,-7.01803,-6.92887,-6.85583
120,-8.44873,-8.40268,-8.30871,-8.2169,-8.12254,-8.04179
121,-9.62459,-9.57647,-9.47836,-9.38294,-9.28437,-9.19975
122,-10.7127,-10.6616,-10.5584,-10.4573,-10.3536,-10.2615
123,-11.7664,-11.7138,-11.6072,-11.5034,-11.3964,-11.3015
124,-12.8454,-12.7909,-12.681,-12.5737,-12.4633,-12.364
125,-13.9828,-13.9271,-13.8146,-13.7055,-13.5926,-13.4913
126,-15.0823,-15.0245,-14.9084,-14.7953,-14.6788,-14.572
127,-16.0518,-15.9922,-15.8727,-15.7563,-15.6363,-15.5256
128,-16.7971,-16.735,-16.6113,-16.4902,-16.3659,-16.2492
129,-17.3314,-17.2678,-17.1412,-17.0173,-16.8901,-16.7707
130,-17.703,-17.6383,-17.5097,-17.3836,-17.2543,-17.1332
131,-18.034,-17.9697,-17.8415,-17.7162,-17.5871,-17.4691
132,-18.382,-18.3183,-18.1913,-18.0674,-17.9391,-17.8249
133,-18.7665,-18.7037,-18.578,-18.4561,-18.3288,-18.2185
134,-19.0591,-18.9963,-18.8708,-18.7492,-18.6216,-18.5126
135,-19.2594,-19.1979,-19.0747,-18.9573,-18.8309,-18.7308
136,-19.4291,-19.3688,-19.2484,-19.1357,-19.0106,-18.9195
137,-19.5825,-19.5238,-19.4064,-19.2983,-19.1752,-19.0916
138,-19.6988,-19.641,-19.5257,-19.4195,-19.2982,-19.2159
139,-19.7878,-19.7311,-19.6177,-19.5126,-19.3937,-19.3097
140,-19.826,-19.7697,-19.6573,-19.5513,-19.4345,-19.3443
141,-19.7911,-19.7352,-19.6239,-19.5168,-19.4021,-19.3055
142,-19.6163,-19.5603,-19.4492,-19.3399,-19.2266,-19.1219
143,-19.2876,-19.2319,-19.1213,-19.0107,-18.8991,-18.7883
144,-18.823,-18.7671,-18.6569,-18.5443,-18.434,-18.3162
145,-18.2373,-18.1814,-18.0712,-17.9566,-17.8476,-17.7227
146,-17.4974,-17.4408,-17.33,-17.2122,-17.1038,-16.9698
147,-16.6551,-16.5984,-16.487,-16.3663,-16.259,-16.1168
148,-15.8034,-15.7463,-15.6345,-15.5114,-15.405,-15.256
149,-15.0128,-14.9561,-14.8447,-14.7214,-14.6162,-14.4659
150,-14.2951,-14.239,-14.1289,-14.0077,-13.9035,-13.757
151,-13.6684,-13.6135,-13.5057,-13.3892,-13.2861,-13.1489
152,-13.107,-13.0532,-12.9477,-12.8362,-12.7337,-12.6066
153,-12.5646,-12.5112,-12.4069,-12.2984,-12.196,-12.0748
154,-11.9458,-11.8921,-11.7876,-11.6795,-11.5761,-11.4563
155,-11.2711,-11.2174,-11.1127,-11.0056,-10.9017,-10.785
156,-10.593,-10.5389,-10.4337,-10.327,-10.2219,-10.1074
157,-9.93829,-9.88369,-9.77747,-9.67066,-9.5641,-9.45153
158,-9.24169,-9.18635,-9.07911,-8.97181,-8.86367,-8.75162
159,-8.47612,-8.42022,-8.31184,-8.20425,-8.09464,-7.98396
160,-7.72146,-7.66479,-7.55498,-7.44659,-7.33511,-7.22545
161,-7.01361,-6.95648,-6.84541,-6.73635,-6.62355,-6.51471
162,-6.45073,-6.39379,-6.28271,-6.17428,-6.06143,-5.9554
163,-6.19782,-6.14223,-6.03269,-5.92651,-5.81548,-5.71423
164,-6.37425,-6.31978,-6.21155,-6.10734,-5.99771,-5.90102
165,-6.90988,-6.85575,-6.74731,-6.64325,-6.53375,-6.43866
166,-7.65197,-7.59672,-7.48602,-7.37983,-7.26806,-7.17126
167,-8.44537,-8.38856,-8.2746,-8.16506,-8.05052,-7.95005
168,-9.24137,-9.1824,-9.06455,-8.95058,-8.8326,-8.72679
169,-9.99361,-9.93266,-9.81103,-9.69312,-9.57182,-9.46147
170,-10.7289,-10.6658,-10.5404,-10.4181,-10.2934,-10.1779
171,-11.4431,-11.3785,-11.2501,-11.1247,-10.9974,-10.8777
172,-12.1344,-12.0681,-11.9366,-11.8076,-11.6776,-11.553
173,-12.7523,-12.6844,-12.55,-12.4177,-12.2851,-12.1558
174,-13.3062,-13.2366,-13.0993,-12.9634,-12.8281,-12.6932
175,-13.8636,-13.7929,-13.6534,-13.5148,-13.3777,-13.2379
176,-14.4706,-14.399,-14.2581,-14.1176,-13.9793,-13.8358
177,-15.1304,-15.059,-14.9182,-14.7778,-14.6397,-14.4963
178,-15.8473,-15.7767,-15.6373,-15.4986,-15.3617,-15.2212
179,-16.6135,-16.5445,-16.4077,-16.2725,-16.1378,-16.0032
180,-17.4115,-17.3437,-17.2094,-17.0773,-16.9444,-16.8152
181,-18.1548,-18.0878,-17.9548,-17.8247,-17.6928,-17.567
182,-18.7675,-18.7008,-18.5688,-18.4399,-18.3086,-18.1851
183,-19.3061,-19.2405,-19.1105,-18.9847,-18.8547,-18.7365
184,-19.8488,-19.784,-19.6557,-19.5326,-19.4036,-19.2905
185,-20.3603,-20.2964,-20.17,-20.0496,-19.922,-19.8137
186,-20.7603,-20.6968,-20.5714,-20.4522,-20.3253,-20.2189
187,-20.9261,-20.8629,-20.738,-20.6192,-20.4929,-20.3864
188,-20.8019,-20.7386,-20.6138,-20.4943,-20.3684,-20.2592
189,-20.436,-20.3731,-20.2489,-20.1292,-20.0044,-19.8926
190,-19.9494,-19.8868,-19.7632,-19.643,-19.5194,-19.4039
191,-19.4263,-19.3643,-19.2415,-19.1213,-18.9991,-18.8804
192,-18.9137,-18.8521,-18.7299,-18.6093,-18.4881,-18.3661
193,-18.3349,-18.2735,-18.1517,-18.0307,-17.9104,-17.7857
194,-17.6344,-17.5732,-17.4516,-17.3299,-17.2103,-17.0826
195,-16.8957,-16.8349,-16.7139,-16.5921,-16.4735,-16.3437
196,-16.1833,-16.1227,-16.0019,-15.8798,-15.7618,-15.6302
197,-15.4946,-15.4344,-15.3141,-15.1924,-15.0751,-14.9431
198,-14.8311,-14.7711,-14.6512,-14.5302,-14.4132,-14.2821
199,-14.1928,-14.1332,-14.0141,-13.8944,-13.778,-13.6496
200,-13.5902,-13.5307,-13.4122,-13.2938,-13.1775,-13.052
201,-12.9886,-12.9293,-12.8109,-12.6933,-12.5771,-12.4532
202,-12.3309,-12.2712,-12.1524,-12.0344,-11.9178,-11.7936
203,-11.5965,-11.5366,-11.4174,-11.2992,-11.1823,-11.0582
204,-10.839,-10.7785,-10.6586,-10.5398,-10.4221,-10.2978
205,-10.0556,-9.99461,-9.8738,-9.75416,-9.63572,-9.51102
206,-9.25721,-9.19559,-9.07381,-8.95325,-8.83387,-8.70839
207,-8.40252,-8.34046,-8.2179,-8.09661,-7.9766,-7.85049
208,-7.56021,-7.49747,-7.37381,-7.25148,-7.13038,-7.00365
209,-6.80143,-6.73837,-6.61395,-6.49099,-6.36922,-6.2425
210,-6.23895,-6.17574,-6.05094,-5.92774,-5.80549,-5.67927
211,-6.01725,-5.95425,-5.82949,-5.70657,-5.58429,-5.45916
212,-6.2422,-6.17926,-6.05445,-5.93177,-5.8092,-5.68506
213,-6.82087,-6.75791,-6.63283,-6.5101,-6.38719,-6.2635
214,-7.59212,-7.52888,-7.40329,-7.28017,-7.15664,-7.03277
215,-8.45098,-8.38778,-8.26198,-8.13882,-8.01508,-7.89169
216,-9.32147,-9.25797,-9.13163,-9.00791,-8.88364,-8.75992
217,-10.1404,-10.0768,-9.95007,-9.82609,-9.70151,-9.578
218,-10.9417,-10.8779,-10.7507,-10.6263,-10.5013,-10.3774
219,-11.7102,-11.6463,-11.5189,-11.3943,-11.269,-11.1453
220,-12.4464,-12.3822,-12.2543,-12.1292,-12.0034,-11.8791
221,-13.1122,-13.0479,-12.9196,-12.7942,-12.668,-12.5436
222,-13.7038,-13.6391,-13.5101,-13.3841,-13.2572,-13.1322
223,-14.2849,-14.22,-14.0906,-13.9641,-13.8368,-13.7116
224,-14.9036,-14.8383,-14.7082,-14.581,-14.4531,-14.3272
225,-15.5596,-15.4941,-15.3636,-15.2361,-15.1078,-14.9817
226,-16.2583,-16.1925,-16.0614,-15.9333,-15.8046,-15.6777
227,-16.9975,-16.9316,-16.8002,-16.6719,-16.5428,-16.4159
228,-17.7755,-17.7094,-17.5776,-17.4488,-17.3193,-17.1918
229,-18.5025,-18.4363,-18.3044,-18.1755,-18.0459,-17.9185
230,-19.1446,-19.0783,-18.9461,-18.817,-18.6871,-18.5593
231,-19.7812,-19.715,-19.5828,-19.4537,-19.3239,-19.1963
232,-20.4254,-20.3591,-20.2268,-20.0976,-19.9677,-19.8399
233,-20.982,-20.9157,-20.7835,-20.6544,-20.5246,-20.397
234,-21.3435,-21.2772,-21.1449,-21.0157,-20.8858,-20.758
235,-21.3883,-21.322,-21.1899,-21.0608,-20.931,-20.8033
236,-21.1106,-21.0442,-20.912,-20.7828,-20.6529,-20.5251
237,-20.5908,-20.5246,-20.3924,-20.2633,-20.1335,-20.0058
238,-19.9651,-19.8987,-19.7665,-19.6373,-19.5074,-19.3796
239,-19.3158,-19.2496,-19.1175,-18.9884,-18.8587,-18.731
240,-18.6883,-18.622,-18.49,-18.361,-18.2313,-18.1036
241,-17.9839,-17.9178,-17.7861,-17.6573,-17.5279,-17.4005
242,-17.2128,-17.1469,-17.0154,-16.8869,-16.7577,-16.6305
243,-16.4552,-16.3895,-16.2585,-16.1304,-16.0016,-15.8749
244,-15.7499,-15.6843,-15.5537,-15.426,-15.2976,-15.1711
245,-15.0777,-15.0124,-14.8824,-14.7552,-14.6273,-14.5014
246,-14.4524,-14.3874,-14.2578,-14.1312,-14.0038,-13.8783
247,-13.8584,-13.7938,-13.6649,-13.5388,-13.412,-13.287
248,-13.2815,-13.2171,-13.0887,-12.9632,-12.8369,-12.7123
249,-12.6356,-12.5715,-12.4437,-12.3187,-12.1929,-12.0686
250,-11.9191,-11.8551,-11.7278,-11.6031,-11.4777,-11.3537
251,-11.1545,-11.0908,-10.9638,-10.8394,-10.7145,-10.5907
252,-10.3665,-10.3028,-10.1761,-10.052,-9.92734,-9.80341
253,-9.55101,-9.48752,-9.36133,-9.2376,-9.11345,-8.98963
254,-8.69851,-8.63516,-8.50941,-8.3861,-8.26232,-8.13844
255,-7.82533,-7.76215,-7.63678,-7.51366,-7.3903,-7.2662
256,-7.02474,-6.96162,-6.8366,-6.71369,-6.59072,-6.46633
257,-6.37753,-6.31464,-6.19011,-6.06745,-5.94508,-5.82065
258,-6.03992,-5.97676,-5.85221,-5.72916,-5.60699,-5.48106
259,-6.14223,-6.0789,-5.95441,-5.83106,-5.70913,-5.58204
260,-6.62713,-6.56363,-6.43929,-6.3158,-6.19412,-6.06574
261,-7.34624,-7.28313,-7.15958,-7.03673,-6.91582,-6.78752
262,-8.17056,-8.10796,-7.98539,-7.86345,-7.74343,-7.61535
263,-9.03208,-8.97018,-8.84865,-8.7277,-8.60858,-8.48161
264,-9.84324,-9.78185,-9.66112,-9.54099,-9.42252,-9.29626
265,-10.6275,-10.5668,-10.4472,-10.328,-10.2106,-10.0852
266,-11.3929,-11.3327,-11.2138,-11.0954,-10.9786,-10.8535
267,-12.1349,-12.0751,-11.9568,-11.8388,-11.7225,-11.5976
268,-12.8173,-12.7577,-12.6398,-12.5221,-12.4061,-12.2815
269,-13.4267,-13.3674,-13.2495,-13.1317,-13.0159,-12.8907
270,-14.0237,-13.9641,-13.8457,-13.7267,-13.6105,-13.4824
271,-14.6515,-14.5917,-14.4727,-14.3522,-14.2358,-14.1052
272,-15.3094,-15.2492,-15.1296,-15.0082,-14.8913,-14.7589
273,-15.9918,-15.9314,-15.8115,-15.6897,-15.5723,-15.4401
274,-16.699,-16.6381,-16.5177,-16.3958,-16.2777,-16.1464
275,-17.4345,-17.3732,-17.2524,-17.1306,-17.0118,-16.8823
276,-18.158,-18.0963,-17.975,-17.8536,-17.7338,-17.6067
277,-18.7723,-18.7106,-18.5891,-18.4682,-18.3479,-18.2237
278,-19.2928,-19.2306,-19.1084,-18.9878,-18.8662,-18.7447
279,-19.8166,-19.7538,-19.6309,-19.5103,-19.3876,-19.269
280,-20.3224,-20.2591,-20.1353,-20.0149,-19.8908,-19.7753
281,-20.7335,-20.6699,-20.5455,-20.4254,-20.3003,-20.1878
282,-20.9329,-20.8693,-20.7446,-20.625,-20.4993,-20.3895
283,-20.8424,-20.7789,-20.654,-20.5347,-20.4085,-20.3005
284,-20.4933,-20.4295,-20.3035,-20.1833,-20.0562,-19.9473
285,-19.9982,-19.9338,-19.8063,-19.6839,-19.5557,-19.4434
286,-19.4565,-19.3913,-19.2619,-19.1369,-19.0073,-18.8902
287,-18.9159,-18.8498,-18.7185,-18.5906,-18.4598,-18.3378
288,-18.3334,-18.2667,-18.134,-18.0045,-17.8727,-17.7479
289,-17.6189,-17.552,-17.4184,-17.2875,-17.1552,-17.0285
290,-16.8239,-16.7557,-16.6198,-16.4861,-16.352,-16.2204
291,-16.0432,-15.9736,-15.835,-15.6978,-15.5616,-15.4244
292,-15.3123,-15.2416,-15.1012,-14.9617,-14.8239,-14.6826
293,-14.636,-14.5651,-14.4243,-14.2842,-14.1461,-14.0041
294,-14.0161,-13.9456,-13.8058,-13.6672,-13.5298,-13.3902
295,-13.4473,-13.378,-13.2402,-13.1042,-12.9685,-12.8336
296,-12.9004,-12.8325,-12.6975,-12.5649,-12.4315,-12.3021
297,-12.3042,-12.2381,-12.1061,-11.9769,-11.8464,-11.7221
298,-11.6274,-11.5629,-11.4339,-11.3082,-11.1802,-11.0608
299,-10.9175,-10.8547,-10.7287,-10.6062,-10.4809,-10.3659
300,-10.1888,-10.1277,-10.0052,-9.88675,-9.76448,-9.65414
301,-9.4419,-9.38293,-9.26435,-9.15002,-9.0313,-8.92583
302,-8.65911,-8.60218,-8.48743,-8.37752,-8.26208,-8.16182
303,-7.85836,-7.80322,-7.69196,-7.58557,-7.47319,-7.37686
304,-7.09601,-7.04205,-6.93344,-6.82975,-6.71983,-6.62595
305,-6.48607,-6.43214,-6.32434,-6.22069,-6.11154,-6.01597
306,-6.20674,-6.15144,-6.04261,-5.9371,-5.82684,-5.72642
307,-6.34901,-6.29209,-6.18173,-6.07339,-5.96156,-5.85481
308,-6.8513,-6.79348,-6.68254,-6.5728,-6.46039,-6.34929
309,-7.5332,-7.47581,-7.36606,-7.25667,-7.14559,-7.03305
310,-8.27909,-8.22227,-8.11391,-8.00539,-7.89597,-7.78247
311,-9.04958,-8.99354,-8.88648,-8.77834,-8.67063,-8.55576
312,-9.76583,-9.71045,-9.60434,-9.49684,-9.39046,-9.27533
313,-10.4236,-10.369,-10.2641,-10.1568,-10.052,-9.93546
314,-11.0938,-11.0394,-10.9351,-10.8278,-10.7241,-10.6054
315,-11.775,-11.7208,-11.6167,-11.5083,-11.4055,-11.2837
316,-12.4127,-12.3588,-12.2549,-12.1462,-12.0441,-11.921
317,-12.9692,-12.9153,-12.8108,-12.7002,-12.5984,-12.4716
318,-13.5169,-13.4618,-13.355,-13.2397,-13.1372,-13.0006
319,-14.124,-14.0679,-13.9589,-13.8386,-13.7353,-13.5887
320,-14.8182,-14.7611,-14.6504,-14.5271,-14.4227,-14.2701
321,-15.5911,-15.5337,-15.4225,-15.2987,-15.1934,-15.0408
322,-16.4311,-16.3736,-16.2625,-16.1406,-16.0342,-15.8866
323,-17.2852,-17.2281,-17.1177,-16.9986,-16.8913,-16.7518
324,-18.061,-18.0043,-17.8943,-17.7784,-17.6703,-17.5401
325,-18.6846,-18.6284,-18.5188,-18.4053,-18.2962,-18.1742
326,-19.1801,-19.1238,-19.0138,-18.9022,-18.7917,-18.6767
327,-19.5465,-19.4904,-19.3798,-19.2697,-19.1577,-19.0495
328,-19.7632,-19.7071,-19.5961,-19.4881,-19.3745,-19.2741
329,-19.8292,-19.773,-19.6613,-19.5547,-19.4393,-19.3461
330,-19.8088,-19.7519,-19.639,-19.5333,-19.4156,-19.3286
331,-19.7302,-19.6726,-19.5581,-19.4519,-19.332,-19.2481
332,-19.622,-19.5634,-19.4467,-19.3388,-19.2168,-19.1326
333,-19.4748,-19.4151,-19.2958,-19.1841,-19.0603,-18.9706
334,-19.3078,-19.2467,-19.1243,-19.0082,-18.8826,-18.7844
335,-19.1163,-19.0542,-18.9294,-18.8087,-18.6819,-18.5748
336,-18.8546,-18.7924,-18.6668,-18.5453,-18.4181,-18.3088
337,-18.4779,-18.4156,-18.2893,-18.1668,-18.0392,-17.9281
338,-18.1166,-18.0533,-17.9252,-17.8009,-17.6721,-17.5564
339,-17.7827,-17.7193,-17.5908,-17.4656,-17.3365,-17.218
340,-17.4325,-17.3698,-17.2424,-17.1188,-16.9908,-16.873
341,-16.9448,-16.884,-16.7596,-16.6391,-16.514,-16.4
342,-16.2588,-16.2003,-16.0795,-15.9636,-15.8421,-15.7341
343,-15.3388,-15.2829,-15.1661,-15.0542,-14.9366,-14.8345
344,-14.2682,-14.2139,-14.1004,-13.9923,-13.8779,-13.7808
345,-13.1287,-13.076,-12.9655,-12.8598,-12.7486,-12.6544
346,-12.0391,-11.9876,-11.8799,-11.7768,-11.6684,-11.5769
347,-10.9813,-10.9317,-10.8276,-10.7274,-10.6227,-10.5346
348,-9.91708,-9.86963,-9.77,-9.67464,-9.57425,-9.4919
349,-8.75695,-8.71211,-8.61724,-8.52627,-8.43071,-8.35401
350,-7.56168,-7.51914,-7.42901,-7.34312,-7.25218,-7.18126
351,-6.31448,-6.2744,-6.18903,-6.10746,-6.02126,-5.95503
352,-5.13776,-5.09916,-5.01748,-4.93973,-4.8572,-4.79404
353,-4.05272,-4.01517,-3.93618,-3.86025,-3.7806,-3.71769
354,-3.1979,-3.16056,-3.08349,-3.00915,-2.93166,-2.8677
355,-2.52819,-2.49161,-2.4168,-2.3436,-2.26866,-2.20363
356,-2.03697,-2.00146,-1.92976,-1.85963,-1.78797,-1.72477
357,-1.60495,-1.57085,-1.50253,-1.4352,-1.36703,-1.30588
358,-1.30883,-1.27578,-1.21081,-1.14725,-1.08232,-1.02417
359,-1.05878,-1.02751,-0.966207,-0.905814,-0.844488,-0.788869
360,-0.889978,-0.860211,-0.802297,-0.745745,-0.687558,-0.635358
361,-0.712215,-0.684709,-0.630539,-0.576964,-0.522454,-0.472167
362,-0.564875,-0.539176,-0.48844,-0.438068,-0.387402,-0.340247
363,-0.393705,-0.370419,-0.323494,-0.276267,-0.229082,-0.183478
364,-0.236669,-0.215257,-0.172196,-0.128667,-0.0859185,-0.0442831
365,-0.091331,-0.0721277,-0.0329563,0.00664618,0.0466151,0.0861238
366,0.0455657,0.0628211,0.0975464,0.13222,0.167558,0.201117
367,0.13491,0.149768,0.180308,0.211044,0.243259,0.275219
368,0.271594,0.284388,0.310106,0.336612,0.362477,0.388351
369,0.362042,0.371382,0.391908,0.414106,0.435385,0.458714
370,0.531639,0.53957,0.55664,0.572167,0.592679,0.610608
371,0.678847,0.683497,0.69466,0.708394,0.719675,0.734788
372,0.812145,0.815822,0.823145,0.830344,0.839899,0.850214
373,0.904429,0.905566,0.907928,0.913779,0.915674,0.924272
374,0.968255,0.968381,0.966756,0.964805,0.964925,0.965143
375,0.968858,0.96593,0.958892,0.954016,0.947309,0.944511
376,1.00276,0.997721,0.985826,0.974433,0.964201,0.955886
377,1.04327,1.03506,1.01788,1.00227,0.985871,0.972253
378,1.10771,1.09709,1.0756,1.05353,1.03418,1.01295
379,1.19636,1.1826,1.15612,1.13015,1.10553,1.08044
380,1.29457,1.2787,1.24763,1.21653,1.18758,1.1573
381,1.42116,1.4036,1.36947,1.33424,1.30273,1.26763
382,1.57639,1.55688,1.51821,1.47958,1.44347,1.40452
383,1.71185,1.68864,1.64558,1.60349,1.5616,1.51837
384,1.90348,1.87671,1.82761,1.78142,1.73423,1.68886
385,2.08171,2.05302,2.00076,1.95155,1.90085,1.84731
386,2.27867,2.24862,2.19198,2.13791,2.08356,2.02852
387,2.42562,2.39241,2.33213,2.2749,2.21695,2.15697
388,2.55642,2.52213,2.45782,2.3989,2.33624,2.27445
389,2.64854,2.61192,2.54418,2.48217,2.4147,2.35071
390,2.74468,2.70588,2.6331,2.57159,2.49879,2.43245
391,2.8177,2.77318,2.69616,2.63506,2.55355,2.48756
392,2.90045,2.85311,2.77207,2.71031,2.62427,2.5551
393,2.96195,2.90891,2.822,2.76083,2.66633,2.59868
394,3.03342,2.97811,2.88886,2.82179,2.72658,2.65178
395,3.07892,3.02044,2.92631,2.86239,2.75948,2.68529
396,3.12959,3.06784,2.97069,2.90402,2.79825,2.7227
397,3.16698,3.10194,2.99971,2.93502,2.82191,2.74603
398,3.21001,3.141,3.03574,2.97086,2.8488,2.77384
399,3.24268,3.16999,3.05936,2.9977,2.86584,2.79107
400,3.28554,3.20704,3.09126,3.03116,2.88974,2.8172
401,3.31545,3.23154,3.11248,3.05039,2.90573,2.8298
402,3.3522,3.2682,3.14414,3.07671,2.93004,2.84993
403,3.37516,3.29067,3.16334,3.0899,2.93918,2.85632
404,3.40289,3.31242,3.17966,3.11055,2.94927,2.86952
405,3.42316,3.33319,3.19392,3.12323,2.95744,2.87435
406,3.45084,3.35639,3.21555,3.14526,2.96593,2.88831
407,3.47003,3.37428,3.23057,3.15752,2.97606,2.8932
408,3.49688,3.39658,3.24644,3.17427,2.98502,2.90285
409,3.51657,3.41599,3.26348,3.17908,2.99027,2.90221
410,3.53696,3.43353,3.27686,3.18762,2.99963,2.90461
411,3.55351,3.4511,3.29024,3.19314,2.99993,2.90387
412,3.56845,3.46588,3.30285,3.20002,3.00192,2.90391
413,3.58458,3.48256,3.31352,3.20633,3.00563,2.90376
414,3.59967,3.49376,3.32432,3.21459,3.00523,2.90435
415,3.61234,3.50791,3.33247,3.21863,3.00624,2.90255
416,3.62882,3.52201,3.34555,3.2253,3.00809,2.90171
417,3.6405,3.53633,3.35333,3.22201,3.00716,2.89441
418,3.65484,3.55148,3.3677,3.2231,3.01255,2.88959
419,3.66359,3.56456,3.37718,3.22017,3.01182,2.88242
420,3.67577,3.57808,3.3865,3.2221,3.0131,2.87998
421,3.68439,3.5899,3.39528,3.22208,3.0148,2.87464
422,3.6979,3.60352,3.40728,3.22658,3.01501,2.87118
423,3.70658,3.61385,3.41356,3.22679,3.01267,2.86725
424,3.71993,3.62966,3.4258,3.23031,3.01542,2.86552
425,3.72703,3.64192,3.4364,3.22676,3.01656,2.85636
426,3.73801,3.65921,3.45041,3.22399,3.02097,2.85078
427,3.74507,3.67102,3.46088,3.2203,3.02074,2.84386
428,3.7536,3.68576,3.47339,3.22101,3.02668,2.84088
429,3.76235,3.69414,3.48321,3.21916,3.02546,2.83656
430,3.77401,3.70603,3.49428,3.22374,3.03032,2.83587
431,3.78213,3.71452,3.5035,3.22694,3.03251,2.8368
432,3.79268,3.72642,3.51434,3.2322,3.03944,2.83785
433,3.7961,3.73421,3.52319,3.23037,3.04328,2.83365
434,3.80272,3.74424,3.53386,3.22689,3.05205,2.83088
435,3.80722,3.75047,3.54004,3.22549,3.05825,2.82842
436,3.81486,3.75837,3.54707,3.22884,3.06584,2.83113
437,3.81898,3.76203,3.55199,3.2301,3.07146,2.8327
438,3.82845,3.76706,3.55767,3.23796,3.07816,2.83795
439,3.83675,3.76957,3.56093,3.24071,3.08369,2.8393
440,3.84481,3.77393,3.56497,3.24558,3.09004,2.84258
441,3.84509,3.77497,3.56668,3.24645,3.09422,2.84378
442,3.84704,3.77856,3.56924,3.24749,3.10065,2.844
443,3.8479,3.77885,3.56975,3.24598,3.10391,2.84092
444,3.85387,3.78116,3.57106,3.24884,3.10867,2.84398
445,3.85724,3.78074,3.57071,3.25107,3.11085,2.84513
446,3.86612,3.78233,3.57099,3.25936,3.11454,2.852
447,3.87096,3.78127,3.56904,3.26338,3.11637,2.85381
448,3.8755,3.78229,3.56809,3.26528,3.11777,2.85392
449,3.87423,3.78123,3.56574,3.264,3.11743,2.85173
450,3.87405,3.7826,3.56515,3.2634,3.11703,2.85414
451,3.87291,3.78215,3.56325,3.26206,3.11439,2.85192
452,3.87672,3.784,3.56302,3.26264,3.11093,2.85286
453,3.87941,3.78417,3.56169,3.26478,3.10542,2.85621
454,3.88531,3.78646,3.56201,3.2732,3.10133,2.8625
455,3.88889,3.7869,3.5611,3.27755,3.09626,2.86238
456,3.89183,3.78897,3.56139,3.28171,3.09284,2.86228
457,3.88991,3.78969,3.56095,3.28169,3.08824,2.85811
458,3.88889,3.79237,3.56183,3.28481,3.08348,2.85823
459,3.88677,3.79417,3.56188,3.28191,3.07782,2.85322
460,3.88924,3.79703,3.5627,3.2799,3.07284,2.84904
461,3.88971,3.79894,3.5633,3.2808,3.06749,2.84844
462,3.89402,3.80232,3.56458,3.28663,3.06324,2.84909
463,3.89659,3.8049,3.56526,3.28788,3.05891,2.84638
464,3.89998,3.8085,3.5658,3.28936,3.05548,2.8426
465,3.89827,3.81071,3.56571,3.28697,3.05174,2.83604
466,3.89739,3.81418,3.56614,3.28853,3.04956,2.83335
467,3.89547,3.81733,3.56686,3.28618,3.04767,2.82996
468,3.89699,3.8218,3.56817,3.2823,3.04657,2.8254
469,3.89653,3.8258,3.56973,3.28104,3.04525,2.82491
470,3.89936,3.83009,3.57145,3.28498,3.04447,2.82516
471,3.90092,3.83256,3.57236,3.285,3.04364,2.82412
472,3.90466,3.8349,3.57264,3.2856,3.04317,2.82323
473,3.9037,3.83564,3.57214,3.28185,3.04274,2.82005
474,3.90264,3.83618,3.57198,3.28331,3.04256,2.81926
475,3.9002,3.83604,3.57193,3.28329,3.04253,2.819
476,3.90018,3.83593,3.57265,3.28018,3.04264,2.81813
477,3.89885,3.83488,3.57336,3.28005,3.04301,2.82085
478,3.89931,3.83331,3.57382,3.2841,3.0434,2.82327
479,3.89873,3.83064,3.5732,3.28552,3.04418,2.82503
480,3.90089,3.82692,3.57198,3.28694,3.04486,2.82687
